,pct_A1,pct_A4,pct_A6,pct_A8,pct_B3,pct_B4,pct_B5,pct_B6,pct_B7,pilari_A,pilari_B,kuplariski
1871-01-31,,,,,,,,,,,,
1871-02-28,,,,,,,,,,,,
1871-03-31,,,,,,,,,,,,
1871-04-30,,,,,,,,,,,,
1871-05-31,,,,,,,,,,,,
1871-06-30,,,,,,,,,,,,
1871-07-31,,,,,,,,,,,,
1871-08-31,,,,,,,,,,,,
1871-09-30,,,,,,,,,,,,
1871-10-31,,,,,,,,,,,,
1871-11-30,,,,,,,,,,,,
1871-12-31,,,,,,,,,,,,
1872-01-31,,,,,,,,,,,,
1872-02-29,,,,,,,,,,,,
1872-03-31,,,,,,,,,,,,
1872-04-30,,,,,,,,,,,,
1872-05-31,,,,,,,,,,,,
1872-06-30,,,,,,,,,,,,
1872-07-31,,,,,,,,,,,,
1872-08-31,,,,,,,,,,,,
1872-09-30,,,,,,,,,,,,
1872-10-31,,,,,,,,,,,,
1872-11-30,,,,,,,,,,,,
1872-12-31,,,,,,,,,,,,
1873-01-31,,,,,,,,,,,,
1873-02-28,,,,,,,,,,,,
1873-03-31,,,,,,,,,,,,
1873-04-30,,,,,,,,,,,,
1873-05-31,,,,,,,,,,,,
1873-06-30,,,,,,,,,,,,
1873-07-31,,,,,,,,,,,,
1873-08-31,,,,,,,,,,,,
1873-09-30,,,,,,,,,,,,
1873-10-31,,,,,,,,,,,,
1873-11-30,,,,,,,,,,,,
1873-12-31,,,,,,,,,,,,
1874-01-31,,,,,,,,,,,,
1874-02-28,,,,,,,,,,,,
1874-03-31,,,,,,,,,,,,
1874-04-30,,,,,,,,,,,,
1874-05-31,,,,,,,,,,,,
1874-06-30,,,,,,,,,,,,
1874-07-31,,,,,,,,,,,,
1874-08-31,,,,,,,,,,,,
1874-09-30,,,,,,,,,,,,
1874-10-31,,,,,,,,,,,,
1874-11-30,,,,,,,,,,,,
1874-12-31,,,,,,,,,,,,
1875-01-31,,,,,,,,,,,,
1875-02-28,,,,,,,,,,,,
1875-03-31,,,,,,,,,,,,
1875-04-30,,,,,,,,,,,,
1875-05-31,,,,,,,,,,,,
1875-06-30,,,,,,,,,,,,
1875-07-31,,,,,,,,,,,,
1875-08-31,,,,,,,,,,,,
1875-09-30,,,,,,,,,,,,
1875-10-31,,,,,,,,,,,,
1875-11-30,,,,,,,,,,,,
1875-12-31,,,,,,,,,,,,
1876-01-31,,,,,,,,,,,,
1876-02-29,,,,,,,,,,,,
1876-03-31,,,,,,,,,,,,
1876-04-30,,,,,,,,,,,,
1876-05-31,,,,,,,,,,,,
1876-06-30,,,,,,,,,,,,
1876-07-31,,,,,,,,,,,,
1876-08-31,,,,,,,,,,,,
1876-09-30,,,,,,,,,,,,
1876-10-31,,,,,,,,,,,,
1876-11-30,,,,,,,,,,,,
1876-12-31,,,,,,,,,,,,
1877-01-31,,,,,,,,,,,,
1877-02-28,,,,,,,,,,,,
1877-03-31,,,,,,,,,,,,
1877-04-30,,,,,,,,,,,,
1877-05-31,,,,,,,,,,,,
1877-06-30,,,,,,,,,,,,
1877-07-31,,,,,,,,,,,,
1877-08-31,,,,,,,,,,,,
1877-09-30,,,,,,,,,,,,
1877-10-31,,,,,,,,,,,,
1877-11-30,,,,,,,,,,,,
1877-12-31,,,,,,,,,,,,
1878-01-31,,,,,,,,,,,,
1878-02-28,,,,,,,,,,,,
1878-03-31,,,,,,,,,,,,
1878-04-30,,,,,,,,,,,,
1878-05-31,,,,,,,,,,,,
1878-06-30,,,,,,,,,,,,
1878-07-31,,,,,,,,,,,,
1878-08-31,,,,,,,,,,,,
1878-09-30,,,,,,,,,,,,
1878-10-31,,,,,,,,,,,,
1878-11-30,,,,,,,,,,,,
1878-12-31,,,,,,,,,,,,
1879-01-31,,,,,,,,,,,,
1879-02-28,,,,,,,,,,,,
1879-03-31,,,,,,,,,,,,
1879-04-30,,,,,,,,,,,,
1879-05-31,,,,,,,,,,,,
1879-06-30,,,,,,,,,,,,
1879-07-31,,,,,,,,,,,,
1879-08-31,,,,,,,,,,,,
1879-09-30,,,,,,,,,,,,
1879-10-31,,,,,,,,,,,,
1879-11-30,,,,,,,,,,,,
1879-12-31,,,,,,,,,,,,
1880-01-31,,,,,,,,,,,,
1880-02-29,,,,,,,,,,,,
1880-03-31,,,,,,,,,,,,
1880-04-30,,,,,,,,,,,,
1880-05-31,,,,,,,,,,,,
1880-06-30,,,,,,,,,,,,
1880-07-31,,,,,,,,,,,,
1880-08-31,,,,,,,,,,,,
1880-09-30,,,,,,,,,,,,
1880-10-31,,,,,,,,,,,,
1880-11-30,,,,,,,,,,,,
1880-12-31,,,,,,,,,,,,
1881-01-31,,,,,,,,,,,,
1881-02-28,,,,,,,,,,,,
1881-03-31,,,,,,,,,,,,
1881-04-30,,,,,,,,,,,,
1881-05-31,,,,,,,,,,,,
1881-06-30,,,,,,,,,,,,
1881-07-31,,,,,,,,,,,,
1881-08-31,,,,,,,,,,,,
1881-09-30,,,,,,,,,,,,
1881-10-31,,,,,,,,,,,,
1881-11-30,,,,,,,,,,,,
1881-12-31,,,,,,,,,,,,
1882-01-31,,,,,,,,,,,,
1882-02-28,,,,,,,,,,,,
1882-03-31,,,,,,,,,,,,
1882-04-30,,,,,,,,,,,,
1882-05-31,,,,,,,,,,,,
1882-06-30,,,,,,,,,,,,
1882-07-31,,,,,,,,,,,,
1882-08-31,,,,,,,,,,,,
1882-09-30,,,,,,,,,,,,
1882-10-31,,,,,,,,,,,,
1882-11-30,,,,,,,,,,,,
1882-12-31,,,,,,,,,,,,
1883-01-31,,,,,,,,,,,,
1883-02-28,,,,,,,,,,,,
1883-03-31,,,,,,,,,,,,
1883-04-30,,,,,,,,,,,,
1883-05-31,,,,,,,,,,,,
1883-06-30,,,,,,,,,,,,
1883-07-31,,,,,,,,,,,,
1883-08-31,,,,,,,,,,,,
1883-09-30,,,,,,,,,,,,
1883-10-31,,,,,,,,,,,,
1883-11-30,,,,,,,,,,,,
1883-12-31,,,,,,,,,,,,
1884-01-31,,,,,,,,,,,,
1884-02-29,,,,,,,,,,,,
1884-03-31,,,,,,,,,,,,
1884-04-30,,,,,,,,,,,,
1884-05-31,,,,,,,,,,,,
1884-06-30,,,,,,,,,,,,
1884-07-31,,,,,,,,,,,,
1884-08-31,,,,,,,,,,,,
1884-09-30,,,,,,,,,,,,
1884-10-31,,,,,,,,,,,,
1884-11-30,,,,,,,,,,,,
1884-12-31,,,,,,,,,,,,
1885-01-31,,,,,,,,,,,,
1885-02-28,,,,,,,,,,,,
1885-03-31,,,,,,,,,,,,
1885-04-30,,,,,,,,,,,,
1885-05-31,,,,,,,,,,,,
1885-06-30,,,,,,,,,,,,
1885-07-31,,,,,,,,,,,,
1885-08-31,,,,,,,,,,,,
1885-09-30,,,,,,,,,,,,
1885-10-31,,,,,,,,,,,,
1885-11-30,,,,,,,,,,,,
1885-12-31,,,,,,,,,,,,
1886-01-31,,,,,,,,,,,,
1886-02-28,,,,,,,,,,,,
1886-03-31,,,,,,,,,,,,
1886-04-30,,,,,,,,,,,,
1886-05-31,,,,,,,,,,,,
1886-06-30,,,,,,,,,,,,
1886-07-31,,,,,,,,,,,,
1886-08-31,,,,,,,,,,,,
1886-09-30,,,,,,,,,,,,
1886-10-31,,,,,,,,,,,,
1886-11-30,,,,,,,,,,,,
1886-12-31,,,,,,,,,,,,
1887-01-31,,,,,,,,,,,,
1887-02-28,,,,,,,,,,,,
1887-03-31,,,,,,,,,,,,
1887-04-30,,,,,,,,,,,,
1887-05-31,,,,,,,,,,,,
1887-06-30,,,,,,,,,,,,
1887-07-31,,,,,,,,,,,,
1887-08-31,,,,,,,,,,,,
1887-09-30,,,,,,,,,,,,
1887-10-31,,,,,,,,,,,,
1887-11-30,,,,,,,,,,,,
1887-12-31,,,,,,,,,,,,
1888-01-31,,,,,,,,,,,,
1888-02-29,,,,,,,,,,,,
1888-03-31,,,,,,,,,,,,
1888-04-30,,,,,,,,,,,,
1888-05-31,,,,,,,,,,,,
1888-06-30,,,,,,,,,,,,
1888-07-31,,,,,,,,,,,,
1888-08-31,,,,,,,,,,,,
1888-09-30,,,,,,,,,,,,
1888-10-31,,,,,,,,,,,,
1888-11-30,,,,,,,,,,,,
1888-12-31,,,,,,,,,,,,
1889-01-31,,,,,,,,,,,,
1889-02-28,,,,,,,,,,,,
1889-03-31,,,,,,,,,,,,
1889-04-30,,,,,,,,,,,,
1889-05-31,,,,,,,,,,,,
1889-06-30,,,,,,,,,,,,
1889-07-31,,,,,,,,,,,,
1889-08-31,,,,,,,,,,,,
1889-09-30,,,,,,,,,,,,
1889-10-31,,,,,,,,,,,,
1889-11-30,,,,,,,,,,,,
1889-12-31,,,,,,,,,,,,
1890-01-31,,,,,,,,,,,,
1890-02-28,,,,,,,,,,,,
1890-03-31,,,,,,,,,,,,
1890-04-30,,,,,,,,,,,,
1890-05-31,,,,,,,,,,,,
1890-06-30,,,,,,,,,,,,
1890-07-31,,,,,,,,,,,,
1890-08-31,,,,,,,,,,,,
1890-09-30,,,,,,,,,,,,
1890-10-31,,,,,,,,,,,,
1890-11-30,18.333333333333332,,,,,,,,,18.333333333333332,,18.333333333333332
1890-12-31,15.702479338842975,,,,,,,,,15.702479338842975,,15.702479338842975
1891-01-31,42.62295081967213,,,,,,,,,42.62295081967213,,42.62295081967213
1891-02-28,43.90243902439025,,,,,,,,,43.90243902439025,,43.90243902439025
1891-03-31,27.419354838709676,,,,,,,,,27.419354838709676,,27.419354838709676
1891-04-30,40.8,,,,,,,,,40.8,,40.8
1891-05-31,46.03174603174603,,,,,,,,,46.03174603174603,,46.03174603174603
1891-06-30,48.031496062992126,,,,,,,,,48.031496062992126,,48.031496062992126
1891-07-31,47.65625,,,,,,,,,47.65625,,47.65625
1891-08-31,58.91472868217055,,,,,,,,,58.91472868217055,,58.91472868217054
1891-09-30,87.6923076923077,,,,,,,,,87.6923076923077,,87.6923076923077
1891-10-31,87.78625954198473,,,,,,,,,87.78625954198473,,87.78625954198473
1891-11-30,84.84848484848484,,,,,,,,,84.84848484848484,,84.84848484848484
1891-12-31,96.2406015037594,,,,,,,,,96.2406015037594,,96.2406015037594
1892-01-31,100.0,,,,,,,,,100.0,,100.0
1892-02-29,100.0,,,,,,,,,100.0,,100.0
1892-03-31,100.0,,,,,,,,,100.0,,100.0
1892-04-30,100.0,,,,,,,,,100.0,,100.0
1892-05-31,99.27536231884058,,,,,,,,,99.27536231884058,,99.27536231884058
1892-06-30,98.56115107913669,,,,,,,,,98.56115107913669,,98.56115107913669
1892-07-31,97.14285714285714,,,,,,,,,97.14285714285714,,97.14285714285714
1892-08-31,96.45390070921985,,,,,,,,,96.45390070921985,,96.45390070921985
1892-09-30,92.25352112676056,,,,,,,,,92.25352112676056,,92.25352112676056
1892-10-31,95.1048951048951,,,,,,,,,95.1048951048951,,95.1048951048951
1892-11-30,90.27777777777779,,,,,,,,,90.27777777777779,,90.27777777777779
1892-12-31,84.13793103448276,,,,,,,,,84.13793103448276,,84.13793103448276
1893-01-31,76.02739726027397,,,,,,,,,76.02739726027397,,76.02739726027397
1893-02-28,68.02721088435374,,,,,,,,,68.02721088435374,,68.02721088435374
1893-03-31,62.16216216216216,,,,,,,,,62.16216216216216,,62.16216216216217
1893-04-30,67.78523489932886,,,,,,,,,67.78523489932886,,67.78523489932886
1893-05-31,43.333333333333336,,,,,,,,,43.333333333333336,,43.333333333333336
1893-06-30,33.77483443708609,,,,,,,,,33.77483443708609,,33.77483443708609
1893-07-31,11.842105263157894,,,,,,,,,11.842105263157894,,11.842105263157894
1893-08-31,14.37908496732026,,,,,,,,,14.37908496732026,,14.379084967320262
1893-09-30,21.428571428571427,,,,,,,,,21.428571428571427,,21.428571428571427
1893-10-31,30.32258064516129,,,,,,,,,30.32258064516129,,30.32258064516129
1893-11-30,49.358974358974365,,,,,,,,,49.358974358974365,,49.358974358974365
1893-12-31,41.40127388535032,,,,,,,,,41.40127388535032,,41.40127388535032
1894-01-31,44.936708860759495,,,,,,,,,44.936708860759495,,44.936708860759495
1894-02-28,55.9748427672956,,,,,,,,,55.9748427672956,,55.9748427672956
1894-03-31,71.25,,,,,,,,,71.25,,71.25
1894-04-30,77.01863354037268,,,,,,,,,77.01863354037268,,77.01863354037268
1894-05-31,62.34567901234568,,,,,,,,,62.34567901234568,,62.34567901234568
1894-06-30,57.668711656441715,,,,,,,,,57.668711656441715,,57.668711656441715
1894-07-31,55.487804878048784,,,,,,,,,55.487804878048784,,55.48780487804879
1894-08-31,56.36363636363636,,,,,,,,,56.36363636363636,,56.36363636363636
1894-09-30,56.62650602409639,,,,,,,,,56.62650602409639,,56.62650602409639
1894-10-31,56.287425149700596,,,,,,,,,56.287425149700596,,56.287425149700596
1894-11-30,57.14285714285714,,,,,,,,,57.14285714285714,,57.142857142857146
1894-12-31,61.53846153846154,,,,,,,,,61.53846153846154,,61.53846153846153
1895-01-31,56.470588235294116,,,,,,,,,56.470588235294116,,56.47058823529412
1895-02-28,53.80116959064327,,,,,,,,,53.80116959064327,,53.80116959064327
1895-03-31,54.06976744186046,,,,,,,,,54.06976744186046,,54.06976744186046
1895-04-30,54.33526011560693,,,,,,,,,54.33526011560693,,54.335260115606935
1895-05-31,71.26436781609196,,,,,,,,,71.26436781609196,,71.26436781609196
1895-06-30,74.28571428571429,,,,,,,,,74.28571428571429,,74.28571428571429
1895-07-31,78.97727272727273,,,,,,,,,78.97727272727273,,78.97727272727273
1895-08-31,88.70056497175142,,,,,,,,,88.70056497175142,,88.70056497175142
1895-09-30,91.01123595505618,,,,,,,,,91.01123595505618,,91.01123595505618
1895-10-31,85.47486033519553,,,,,,,,,85.47486033519553,,85.47486033519553
1895-11-30,74.44444444444444,,,,,,,,,74.44444444444444,,74.44444444444444
1895-12-31,53.591160220994475,,,,,,,,,53.591160220994475,,53.591160220994475
1896-01-31,55.494505494505496,,,,,,,,,55.494505494505496,,55.4945054945055
1896-02-29,77.59562841530054,,,,,,,,,77.59562841530054,,77.59562841530054
1896-03-31,71.19565217391305,,,,,,,,,71.19565217391305,,71.19565217391305
1896-04-30,78.91891891891892,,,,,,,,,78.91891891891892,,78.91891891891892
1896-05-31,84.94623655913979,,,,,,,,,84.94623655913979,,84.94623655913979
1896-06-30,82.88770053475936,,,,,,,,,82.88770053475936,,82.88770053475936
1896-07-31,56.91489361702128,,,,,,,,,56.91489361702128,,56.91489361702128
1896-08-31,36.507936507936506,,,,,,,,,36.507936507936506,,36.507936507936506
1896-09-30,53.68421052631579,,,,,,,,,53.68421052631579,,53.68421052631579
1896-10-31,50.78534031413613,,,,,,,,,50.78534031413613,,50.78534031413613
1896-11-30,68.75,,,,,,,,,68.75,,68.75
1896-12-31,51.813471502590666,,,,,,,,,51.813471502590666,,51.813471502590666
1897-01-31,65.97938144329896,,,,,,,,,65.97938144329896,,65.97938144329896
1897-02-28,64.1025641025641,,,,,,,,,64.1025641025641,,64.1025641025641
1897-03-31,64.79591836734694,,,,,,,,,64.79591836734694,,64.79591836734694
1897-04-30,58.37563451776649,,,,,,,,,58.37563451776649,,58.37563451776649
1897-05-31,66.66666666666666,,,,,,,,,66.66666666666666,,66.66666666666666
1897-06-30,85.92964824120602,,,,,,,,,85.92964824120602,,85.92964824120602
1897-07-31,93.5,,,,,,,,,93.5,,93.5
1897-08-31,96.51741293532339,,,,,,,,,96.51741293532339,,96.51741293532339
1897-09-30,98.01980198019803,,,,,,,,,98.01980198019803,,98.01980198019803
1897-10-31,96.55172413793103,,,,,,,,,96.55172413793103,,96.55172413793103
1897-11-30,90.19607843137256,,,,,,,,,90.19607843137256,,90.19607843137256
1897-12-31,92.6829268292683,,,,,,,,,92.6829268292683,,92.6829268292683
1898-01-31,97.57281553398059,,,,,,,,,97.57281553398059,,97.57281553398059
1898-02-28,92.7536231884058,,,,,,,,,92.7536231884058,,92.7536231884058
1898-03-31,84.13461538461539,,,,,,,,,84.13461538461539,,84.13461538461539
1898-04-30,77.03349282296651,,,,,,,,,77.03349282296651,,77.03349282296651
1898-05-31,74.28571428571429,,,,,,,,,74.28571428571429,,74.28571428571429
1898-06-30,98.10426540284361,,,,,,,,,98.10426540284361,,98.10426540284361
1898-07-31,99.05660377358491,,,,,,,,,99.05660377358491,,99.05660377358491
1898-08-31,100.0,,,,,,,,,100.0,,100.0
1898-09-30,99.53271028037383,,,,,,,,,99.53271028037383,,99.53271028037383
1898-10-31,98.13953488372093,,,,,,,,,98.13953488372093,,98.13953488372093
1898-11-30,99.53703703703704,,,,,,,,,99.53703703703704,,99.53703703703704
1898-12-31,100.0,,,,,,,,,100.0,,100.0
1899-01-31,100.0,,,,,,,,,100.0,,100.0
1899-02-28,100.0,,,,,,,,,100.0,,100.0
1899-03-31,100.0,,,,,,,,,100.0,,100.0
1899-04-30,99.5475113122172,,,,,,,,,99.5475113122172,,99.5475113122172
1899-05-31,98.1981981981982,,,,,,,,,98.1981981981982,,98.1981981981982
1899-06-30,97.30941704035875,,,,,,,,,97.30941704035875,,97.30941704035875
1899-07-31,97.76785714285714,,,,,,,,,97.76785714285714,,97.76785714285714
1899-08-31,97.77777777777777,,,,,,,,,97.77777777777777,,97.77777777777777
1899-09-30,96.01769911504425,,,,,,,,,96.01769911504425,,96.01769911504425
1899-10-31,94.27312775330397,,,,,,,,,94.27312775330397,,94.27312775330397
1899-11-30,94.2982456140351,,,,,,,,,94.2982456140351,,94.2982456140351
1899-12-31,82.53275109170306,,,,,,,,,82.53275109170306,,82.53275109170306
1900-01-31,83.47826086956522,,,,,,,,,83.47826086956522,,83.47826086956522
1900-02-28,83.54978354978356,,,,,,,,,83.54978354978356,,83.54978354978356
1900-03-31,84.48275862068965,,,,,,,,,84.48275862068965,,84.48275862068965
1900-04-30,85.40772532188842,,,,,,,,,85.40772532188842,,85.40772532188842
1900-05-31,79.91452991452992,,,,,,,,,79.91452991452992,,79.91452991452992
1900-06-30,74.46808510638297,,,,,,,,,74.46808510638297,,74.46808510638297
1900-07-31,66.52542372881356,,,,,,,,,66.52542372881356,,66.52542372881356
1900-08-31,75.10548523206751,,,,,,,,,75.10548523206751,,75.10548523206751
1900-09-30,61.76470588235294,,,,,,,,,61.76470588235294,,61.764705882352935
1900-10-31,75.73221757322176,,,,,,,,,75.73221757322176,,75.73221757322176
1900-11-30,90.41666666666667,,,,,,,,,90.41666666666667,,90.41666666666667
1900-12-31,96.2655601659751,,,,,,,,,96.2655601659751,,96.2655601659751
1901-01-31,96.28099173553719,,,,,,,,,96.28099173553719,,96.28099173553719
1901-02-28,97.53086419753086,,,,,,,,,97.53086419753086,,97.53086419753086
1901-03-31,98.36065573770492,,,,,,,,,98.36065573770492,,98.36065573770492
1901-04-30,100.0,,,,,,,,,100.0,,100.0
1901-05-31,98.3739837398374,,,,,,,,,98.3739837398374,,98.3739837398374
1901-06-30,100.0,,,,,,,,,100.0,,100.0
1901-07-31,98.38709677419355,,,,,,,,,98.38709677419355,,98.38709677419355
1901-08-31,97.99196787148594,,,,,,,,,97.99196787148594,,97.99196787148594
1901-09-30,96.39999999999999,,,,,,,,,96.39999999999999,,96.39999999999999
1901-10-31,95.61752988047809,,,,,,,,,95.61752988047809,,95.61752988047809
1901-11-30,96.03174603174604,,,,,,,,,96.03174603174604,,96.03174603174604
1901-12-31,94.0711462450593,,,,,,,,,94.0711462450593,,94.0711462450593
1902-01-31,95.66929133858267,,,,,,,,,95.66929133858267,,95.66929133858267
1902-02-28,96.07843137254902,,,,,,,,,96.07843137254902,,96.07843137254902
1902-03-31,95.703125,,,,,,,,,95.703125,,95.703125
1902-04-30,96.49805447470817,,,,,,,,,96.49805447470817,,96.49805447470817
1902-05-31,95.34883720930233,,,,,,,,,95.34883720930233,,95.34883720930233
1902-06-30,92.66409266409266,,,,,,,,,92.66409266409266,,92.66409266409266
1902-07-31,94.61538461538461,,,,,,,,,94.61538461538461,,94.61538461538461
1902-08-31,98.85057471264368,,,,,,,,,98.85057471264368,,98.85057471264368
1902-09-30,96.18320610687023,,,,,,,,,96.18320610687023,,96.18320610687023
1902-10-31,88.212927756654,,,,,,,,,88.212927756654,,88.212927756654
1902-11-30,86.36363636363636,,,,,,,,,86.36363636363636,,86.36363636363636
1902-12-31,83.01886792452831,,,,,,,,,83.01886792452831,,83.01886792452831
1903-01-31,86.09022556390977,,,,,,,,,86.09022556390977,,86.09022556390977
1903-02-28,85.0187265917603,,,,,,,,,85.0187265917603,,85.0187265917603
1903-03-31,83.2089552238806,,,,,,,,,83.2089552238806,,83.2089552238806
1903-04-30,76.57992565055763,,,,,,,,,76.57992565055763,,76.57992565055763
1903-05-31,76.29629629629629,,,,,,,,,76.29629629629629,,76.29629629629629
1903-06-30,62.36162361623616,,,,,,,,,62.36162361623616,,62.36162361623616
1903-07-31,44.85294117647059,,,,,,,,,44.85294117647059,,44.85294117647059
1903-08-31,33.33333333333333,,,,,,,,,33.33333333333333,,33.33333333333333
1903-09-30,22.99270072992701,,,,,,,,,22.99270072992701,,22.99270072992701
1903-10-31,15.636363636363637,,,,,,,,,15.636363636363637,,15.636363636363635
1903-11-30,18.478260869565215,,,,,,,,,18.478260869565215,,18.478260869565215
1903-12-31,30.324909747292416,,,,,,,,,30.324909747292416,,30.32490974729242
1904-01-31,27.697841726618705,,,,,,,,,27.697841726618705,,27.6978417266187
1904-02-29,10.75268817204301,,,,,,,,,10.75268817204301,,10.75268817204301
1904-03-31,11.785714285714285,,,,,,,,,11.785714285714285,,11.785714285714285
1904-04-30,22.77580071174377,,,,,,,,,22.77580071174377,,22.77580071174377
1904-05-31,21.631205673758867,,,,,,,,,21.631205673758867,,21.631205673758867
1904-06-30,20.49469964664311,,,,,,,,,20.49469964664311,,20.49469964664311
1904-07-31,31.338028169014088,,,,,,,,,31.338028169014088,,31.338028169014088
1904-08-31,35.08771929824561,,,,,,,,,35.08771929824561,,35.08771929824561
1904-09-30,43.70629370629371,,,,,,,,,43.70629370629371,,43.70629370629371
1904-10-31,59.58188153310105,,,,,,,,,59.58188153310105,,59.58188153310104
1904-11-30,68.40277777777779,,,,,,,,,68.40277777777779,,68.40277777777779
1904-12-31,70.58823529411765,,,,,,,,,70.58823529411765,,70.58823529411765
1905-01-31,73.44827586206897,,,,,,,,,73.44827586206897,,73.44827586206897
1905-02-28,81.09965635738831,,,,,,,,,81.09965635738831,,81.09965635738831
1905-03-31,83.9041095890411,,,,,,,,,83.9041095890411,,83.9041095890411
1905-04-30,82.25255972696246,,,,,,,,,82.25255972696246,,82.25255972696246
1905-05-31,74.14965986394559,,,,,,,,,74.14965986394559,,74.14965986394559
1905-06-30,74.57627118644068,,,,,,,,,74.57627118644068,,74.57627118644068
1905-07-31,80.74324324324324,,,,,,,,,80.74324324324324,,80.74324324324324
1905-08-31,82.82828282828282,,,,,,,,,82.82828282828282,,82.82828282828282
1905-09-30,83.55704697986577,,,,,,,,,83.55704697986577,,83.55704697986577
1905-10-31,84.61538461538461,,,,,,,,,84.61538461538461,,84.61538461538461
1905-11-30,81.0,,,,,,,,,81.0,,81.0
1905-12-31,82.39202657807309,,,,,,,,,82.39202657807309,,82.39202657807309
1906-01-31,86.42384105960265,,,,,,,,,86.42384105960265,,86.42384105960265
1906-02-28,84.15841584158416,,,,,,,,,84.15841584158416,,84.15841584158416
1906-03-31,78.94736842105263,,,,,,,,,78.94736842105263,,78.94736842105263
1906-04-30,74.09836065573771,,,,,,,,,74.09836065573771,,74.09836065573771
1906-05-31,63.725490196078425,,,,,,,,,63.725490196078425,,63.72549019607842
1906-06-30,66.12377850162866,,,,,,,,,66.12377850162866,,66.12377850162866
1906-07-31,67.20779220779221,,,,,,,,,67.20779220779221,,67.20779220779221
1906-08-31,74.75728155339806,,,,,,,,,74.75728155339806,,74.75728155339806
1906-09-30,78.70967741935485,,,,,,,,,78.70967741935485,,78.70967741935485
1906-10-31,63.344051446945336,,,,,,,,,63.344051446945336,,63.344051446945336
1906-11-30,64.74358974358975,,,,,,,,,64.74358974358975,,64.74358974358975
1906-12-31,54.632587859424916,,,,,,,,,54.632587859424916,,54.63258785942492
1907-01-31,48.089171974522294,,,,,,,,,48.089171974522294,,48.089171974522294
1907-02-28,30.793650793650794,,,,,,,,,30.793650793650794,,30.79365079365079
1907-03-31,7.2784810126582276,,,,,,,,,7.2784810126582276,,7.278481012658227
1907-04-30,6.940063091482649,,,,,,,,,6.940063091482649,,6.94006309148265
1907-05-31,3.7735849056603774,,,,,,,,,3.7735849056603774,,3.7735849056603774
1907-06-30,0.9404388714733543,,,,,,,,,0.9404388714733543,,0.9404388714733541
1907-07-31,3.125,,,,,,,,,3.125,,3.125
1907-08-31,0.3115264797507788,,,,,,,,,0.3115264797507788,,0.3115264797507788
1907-09-30,0.3105590062111801,,,,,,,,,0.3105590062111801,,0.3105590062111801
1907-10-31,0.30959752321981426,,,,,,,,,0.30959752321981426,,0.30959752321981426
1907-11-30,0.30864197530864196,,,,,,,,,0.30864197530864196,,0.30864197530864196
1907-12-31,0.9230769230769231,,,,,,,,,0.9230769230769231,,0.9230769230769231
1908-01-31,1.2269938650306749,,,,,,,,,1.2269938650306749,,1.2269938650306749
1908-02-29,1.2232415902140672,,,,,,,,,1.2232415902140672,,1.2232415902140672
1908-03-31,1.8292682926829267,,,,,,,,,1.8292682926829267,,1.8292682926829267
1908-04-30,2.43161094224924,,,,,,,,,2.43161094224924,,2.43161094224924
1908-05-31,3.3333333333333335,,,,,,,,,3.3333333333333335,,3.3333333333333335
1908-06-30,3.3232628398791544,,,,,,,,,3.3232628398791544,,3.3232628398791544
1908-07-31,5.421686746987952,,,,,,,,,5.421686746987952,,5.421686746987952
1908-08-31,8.408408408408409,,,,,,,,,8.408408408408409,,8.408408408408409
1908-09-30,7.48502994011976,,,,,,,,,7.48502994011976,,7.48502994011976
1908-10-31,7.462686567164178,,,,,,,,,7.462686567164178,,7.462686567164178
1908-11-30,11.011904761904761,,,,,,,,,11.011904761904761,,11.011904761904761
1908-12-31,12.166172106824925,,,,,,,,,12.166172106824925,,12.166172106824925
1909-01-31,13.905325443786982,,,,,,,,,13.905325443786982,,13.90532544378698
1909-02-28,9.734513274336283,,,,,,,,,9.734513274336283,,9.734513274336283
1909-03-31,10.294117647058822,,,,,,,,,10.294117647058822,,10.294117647058822
1909-04-30,13.78299120234604,,,,,,,,,13.78299120234604,,13.782991202346038
1909-05-31,16.374269005847953,,,,,,,,,16.374269005847953,,16.374269005847953
1909-06-30,17.49271137026239,,,,,,,,,17.49271137026239,,17.49271137026239
1909-07-31,21.511627906976745,,,,,,,,,21.511627906976745,,21.511627906976745
1909-08-31,24.92753623188406,,,,,,,,,24.92753623188406,,24.92753623188406
1909-09-30,21.965317919075144,,,,,,,,,21.965317919075144,,21.965317919075144
1909-10-31,16.714697406340058,,,,,,,,,16.714697406340058,,16.714697406340058
1909-11-30,13.793103448275861,,,,,,,,,13.793103448275861,,13.793103448275861
1909-12-31,14.040114613180515,,,,,,,,,14.040114613180515,,14.040114613180517
1910-01-31,12.0,,,,,,,,,12.0,,12.0
1910-02-28,9.116809116809117,,,,,,,,,9.116809116809117,,9.116809116809117
1910-03-31,9.659090909090908,,,,,,,,,9.659090909090908,,9.659090909090908
1910-04-30,6.515580736543909,,,,,,,,,6.515580736543909,,6.515580736543909
1910-05-31,6.779661016949152,,,,,,,,,6.779661016949152,,6.779661016949152
1910-06-30,3.0985915492957745,,,,,,,,,3.0985915492957745,,3.0985915492957745
1910-07-31,2.247191011235955,,,,,,,,,2.247191011235955,,2.247191011235955
1910-08-31,3.081232492997199,,,,,,,,,3.081232492997199,,3.081232492997199
1910-09-30,3.6312849162011176,,,,,,,,,3.6312849162011176,,3.631284916201118
1910-10-31,10.584958217270195,,,,,,,,,10.584958217270195,,10.584958217270195
1910-11-30,11.666666666666666,,,,,,,,,11.666666666666666,,11.666666666666666
1910-12-31,9.418282548476455,,,,,,,,,9.418282548476455,,9.418282548476455
1911-01-31,11.602209944751381,,,,,,,,,11.602209944751381,,11.602209944751381
1911-02-28,16.804407713498623,,,,,,,,,16.804407713498623,,16.804407713498623
1911-03-31,13.736263736263737,,,,,,,,,13.736263736263737,,13.736263736263739
1911-04-30,18.356164383561644,,,,,,,,,18.356164383561644,,18.356164383561644
1911-05-31,22.950819672131146,,,,,,,,,22.950819672131146,,22.950819672131146
1911-06-30,27.79291553133515,,,,,,,,,27.79291553133515,,27.792915531335147
1911-07-31,23.369565217391305,,,,,,,,,23.369565217391305,,23.369565217391305
1911-08-31,10.569105691056912,,,,,,,,,10.569105691056912,,10.569105691056912
1911-09-30,3.783783783783784,,,,,,,,,3.783783783783784,,3.7837837837837847
1911-10-31,5.121293800539084,,,,,,,,,5.121293800539084,,5.121293800539084
1911-11-30,10.21505376344086,,,,,,,,,10.21505376344086,,10.21505376344086
1911-12-31,11.796246648793565,,,,,,,,,11.796246648793565,,11.796246648793565
1912-01-31,10.695187165775401,,,,,,,,,10.695187165775401,,10.695187165775401
1912-02-29,7.733333333333333,,,,,,,,,7.733333333333333,,7.733333333333333
1912-03-31,9.042553191489363,,,,,,,,,9.042553191489363,,9.042553191489363
1912-04-30,9.283819628647215,,,,,,,,,9.283819628647215,,9.283819628647215
1912-05-31,9.25925925925926,,,,,,,,,9.25925925925926,,9.25925925925926
1912-06-30,11.609498680738787,,,,,,,,,11.609498680738787,,11.609498680738787
1912-07-31,12.105263157894736,,,,,,,,,12.105263157894736,,12.105263157894736
1912-08-31,14.173228346456693,,,,,,,,,14.173228346456693,,14.173228346456693
1912-09-30,13.612565445026178,,,,,,,,,13.612565445026178,,13.61256544502618
1912-10-31,13.315926892950392,,,,,,,,,13.315926892950392,,13.315926892950392
1912-11-30,11.458333333333332,,,,,,,,,11.458333333333332,,11.458333333333332
1912-12-31,6.493506493506493,,,,,,,,,6.493506493506493,,6.493506493506493
1913-01-31,5.699481865284974,,,,,,,,,5.699481865284974,,5.699481865284974
1913-02-28,2.842377260981912,,,,,,,,,2.842377260981912,,2.842377260981912
1913-03-31,2.5773195876288657,,,,,,,,,2.5773195876288657,,2.5773195876288657
1913-04-30,2.570694087403599,,,,,,,,,2.570694087403599,,2.570694087403599
1913-05-31,1.7948717948717947,,,,,,,,,1.7948717948717947,,1.794871794871795
1913-06-30,1.0230179028132993,,,,,,,,,1.0230179028132993,,1.0230179028132993
1913-07-31,1.530612244897959,,,,,,,,,1.530612244897959,,1.530612244897959
1913-08-31,1.7811704834605597,,,,,,,,,1.7811704834605597,,1.78117048346056
1913-09-30,1.7766497461928936,,,,,,,,,1.7766497461928936,,1.7766497461928936
1913-10-31,1.0126582278481013,,,,,,,,,1.0126582278481013,,1.0126582278481013
1913-11-30,0.7575757575757576,,,,,,,,,0.7575757575757576,,0.7575757575757576
1913-12-31,1.0075566750629723,,,,,,,,,1.0075566750629723,,1.0075566750629723
1914-01-31,2.512562814070352,,,,,,,,,2.512562814070352,,2.512562814070352
1914-02-28,3.508771929824561,,,,,,,,,3.508771929824561,,3.508771929824561
1914-03-31,2.75,,,,,,,,,2.75,,2.75
1914-04-30,2.2443890274314215,,,,,,,,,2.2443890274314215,,2.2443890274314215
1914-05-31,1.7412935323383085,,,,,,,,,1.7412935323383085,,1.7412935323383083
1914-06-30,1.488833746898263,,,,,,,,,1.488833746898263,,1.488833746898263
1914-07-31,0.49504950495049505,,,,,,,,,0.49504950495049505,,0.49504950495049505
1914-08-31,0.24691358024691357,,,,,,,,,0.24691358024691357,,0.24691358024691357
1914-09-30,0.49261083743842365,,,,,,,,,0.49261083743842365,,0.4926108374384236
1914-10-31,0.9828009828009828,,,,,,,,,0.9828009828009828,,0.9828009828009828
1914-11-30,0.7352941176470588,,,,,,,,,0.7352941176470588,,0.7352941176470588
1914-12-31,0.24449877750611246,,,,,,,,,0.24449877750611246,,0.24449877750611246
1915-01-31,0.4878048780487805,,,,,,,,,0.4878048780487805,,0.4878048780487805
1915-02-28,0.48661800486618007,,,,,,,,,0.48661800486618007,,0.48661800486618
1915-03-31,2.4271844660194173,,,,,,,,,2.4271844660194173,,2.4271844660194173
1915-04-30,3.631961259079903,,,,,,,,,3.631961259079903,,3.631961259079903
1915-05-31,2.898550724637681,,,,,,,,,2.898550724637681,,2.898550724637681
1915-06-30,3.3734939759036147,,,,,,,,,3.3734939759036147,,3.373493975903614
1915-07-31,3.3653846153846154,,,,,,,,,3.3653846153846154,,3.3653846153846154
1915-08-31,6.235011990407674,,,,,,,,,6.235011990407674,,6.235011990407674
1915-09-30,8.133971291866029,,,,,,,,,8.133971291866029,,8.133971291866029
1915-10-31,10.023866348448687,,,,,,,,,10.023866348448687,,10.023866348448687
1915-11-30,10.714285714285714,,,,,,,,,10.714285714285714,,10.714285714285714
1915-12-31,10.926365795724466,,,,,,,,,10.926365795724466,,10.926365795724466
1916-01-31,9.95260663507109,,,,,,,,,9.95260663507109,,9.95260663507109
1916-02-29,8.983451536643026,,,,,,,,,8.983451536643026,,8.983451536643026
1916-03-31,8.254716981132075,,,,,,,,,8.254716981132075,,8.254716981132075
1916-04-30,7.529411764705881,,,,,,,,,7.529411764705881,,7.529411764705881
1916-05-31,8.215962441314554,,,,,,,,,8.215962441314554,,8.215962441314554
1916-06-30,8.19672131147541,,,,,,,,,8.19672131147541,,8.19672131147541
1916-07-31,6.775700934579438,,,,,,,,,6.775700934579438,,6.775700934579438
1916-08-31,6.526806526806526,,,,,,,,,6.526806526806526,,6.526806526806526
1916-09-30,8.13953488372093,,,,,,,,,8.13953488372093,,8.13953488372093
1916-10-31,9.048723897911833,,,,,,,,,9.048723897911833,,9.048723897911833
1916-11-30,9.49074074074074,,,,,,,,,9.49074074074074,,9.49074074074074
1916-12-31,4.157043879907621,,,,,,,,,4.157043879907621,,4.157043879907621
1917-01-31,2.7649769585253456,,,,,,,,,2.7649769585253456,,2.7649769585253456
1917-02-28,0.22988505747126436,,,,,,,,,0.22988505747126436,,0.22988505747126436
1917-03-31,0.6880733944954129,,,,,,,,,0.6880733944954129,,0.6880733944954129
1917-04-30,0.2288329519450801,,,,,,,,,0.2288329519450801,,0.2288329519450801
1917-05-31,0.228310502283105,,,,,,,,,0.228310502283105,,0.228310502283105
1917-06-30,0.45558086560364464,,,,,,,,,0.45558086560364464,,0.4555808656036447
1917-07-31,0.22727272727272727,,,,,,,,,0.22727272727272727,,0.22727272727272727
1917-08-31,0.22675736961451248,,,,,,,,,0.22675736961451248,,0.2267573696145125
1917-09-30,0.22624434389140274,,,,,,,,,0.22624434389140274,,0.22624434389140274
1917-10-31,0.2257336343115124,,,,,,,,,0.2257336343115124,,0.2257336343115124
1917-11-30,0.22522522522522523,,,,,,,,,0.22522522522522523,,0.22522522522522526
1917-12-31,0.22471910112359553,,,,,,,,,0.22471910112359553,,0.2247191011235955
1918-01-31,0.4484304932735426,,,,,,,,,0.4484304932735426,,0.4484304932735426
1918-02-28,0.8948545861297539,,,,,,,,,0.8948545861297539,,0.894854586129754
1918-03-31,0.6696428571428571,,,,,,,,,0.6696428571428571,,0.6696428571428571
1918-04-30,0.4454342984409799,,,,,,,,,0.4454342984409799,,0.4454342984409799
1918-05-31,0.6666666666666667,,,,,,,,,0.6666666666666667,,0.6666666666666667
1918-06-30,0.4434589800443459,,,,,,,,,0.4434589800443459,,0.44345898004434586
1918-07-31,0.22123893805309736,,,,,,,,,0.22123893805309736,,0.22123893805309738
1918-08-31,0.22075055187637968,,,,,,,,,0.22075055187637968,,0.22075055187637968
1918-09-30,0.22026431718061676,,,,,,,,,0.22026431718061676,,0.22026431718061676
1918-10-31,0.43956043956043955,,,,,,,,,0.43956043956043955,,0.4395604395604396
1918-11-30,0.8771929824561403,,,,,,,,,0.8771929824561403,,0.8771929824561403
1918-12-31,0.2188183807439825,,,,,,,,,0.2188183807439825,,0.2188183807439825
1919-01-31,0.21834061135371177,,,,,,,,,0.21834061135371177,,0.21834061135371174
1919-02-28,0.8714596949891068,,,,,,,,,0.8714596949891068,,0.8714596949891068
1919-03-31,1.7391304347826086,,,,,,,,,1.7391304347826086,,1.7391304347826086
1919-04-30,2.386117136659436,,,,,,,,,2.386117136659436,,2.386117136659436
1919-05-31,4.112554112554113,,,,,,,,,4.112554112554113,,4.112554112554113
1919-06-30,4.319654427645788,,,,,,,,,4.319654427645788,,4.319654427645788
1919-07-31,4.525862068965517,,,,,,,,,4.525862068965517,,4.525862068965517
1919-08-31,2.795698924731183,,,,,,,,,2.795698924731183,,2.795698924731183
1919-09-30,3.2188841201716736,,,,,,,,,3.2188841201716736,,3.2188841201716736
1919-10-31,4.496788008565311,,,,,,,,,4.496788008565311,,4.496788008565311
1919-11-30,2.564102564102564,,,,,,,,,2.564102564102564,,2.564102564102564
1919-12-31,0.8528784648187633,,,,,,,,,0.8528784648187633,,0.8528784648187632
1920-01-31,0.2127659574468085,,,,,,,,,0.2127659574468085,,0.2127659574468085
1920-02-29,0.21231422505307856,,,,,,,,,0.21231422505307856,,0.21231422505307856
1920-03-31,0.423728813559322,,,,,,,,,0.423728813559322,,0.423728813559322
1920-04-30,0.42283298097251587,,,,,,,,,0.42283298097251587,,0.42283298097251587
1920-05-31,0.21097046413502107,,,,,,,,,0.21097046413502107,,0.21097046413502107
1920-06-30,0.21052631578947367,,,,,,,,,0.21052631578947367,,0.21052631578947364
1920-07-31,0.42016806722689076,,,,,,,,,0.42016806722689076,,0.42016806722689076
1920-08-31,0.20964360587002098,,,,,,,,,0.20964360587002098,,0.20964360587002098
1920-09-30,1.0460251046025104,,,,,,,,,1.0460251046025104,,1.0460251046025104
1920-10-31,1.2526096033402923,,,,,,,,,1.2526096033402923,,1.2526096033402923
1920-11-30,0.8333333333333334,,,,,,,,,0.8333333333333334,,0.8333333333333334
1920-12-31,0.2079002079002079,,,,,,,,,0.2079002079002079,,0.2079002079002079
1921-01-31,1.0373443983402488,,,,,,,,,1.0373443983402488,,1.0373443983402488
1921-02-28,1.6563146997929608,,,,,,,,,1.6563146997929608,,1.6563146997929608
1921-03-31,1.6528925619834711,,,,,,,,,1.6528925619834711,,1.6528925619834711
1921-04-30,2.268041237113402,,,,,,,,,2.268041237113402,,2.268041237113402
1921-05-31,3.0864197530864197,,,,,,,,,3.0864197530864197,,3.0864197530864197
1921-06-30,1.8480492813141685,,,,,,,,,1.8480492813141685,,1.8480492813141685
1921-07-31,1.8442622950819672,,,,,,,,,1.8442622950819672,,1.8442622950819674
1921-08-31,1.4314928425357873,,,,,,,,,1.4314928425357873,,1.4314928425357873
1921-09-30,3.2653061224489797,,,,,,,,,3.2653061224489797,,3.2653061224489797
1921-10-31,3.6659877800407332,,,,,,,,,3.6659877800407332,,3.6659877800407332
1921-11-30,4.471544715447155,,,,,,,,,4.471544715447155,,4.471544715447155
1921-12-31,5.476673427991886,,,,,,,,,5.476673427991886,,5.476673427991886
1922-01-31,6.477732793522267,,,,,,,,,6.477732793522267,,6.477732793522267
1922-02-28,8.282828282828284,,,,,,,,,8.282828282828284,,8.282828282828284
1922-03-31,10.28225806451613,,,,,,,,,10.28225806451613,,10.28225806451613
1922-04-30,10.865191146881289,,,,,,,,,10.865191146881289,,10.865191146881289
1922-05-31,11.244979919678714,,,,,,,,,11.244979919678714,,11.244979919678714
1922-06-30,11.22244488977956,,,,,,,,,11.22244488977956,,11.22244488977956
1922-07-31,11.600000000000001,,,,,,,,,11.600000000000001,,11.600000000000001
1922-08-31,11.976047904191617,,,,,,,,,11.976047904191617,,11.976047904191617
1922-09-30,12.151394422310757,,,,,,,,,12.151394422310757,,12.151394422310757
1922-10-31,12.326043737574553,,,,,,,,,12.326043737574553,,12.326043737574553
1922-11-30,11.904761904761903,,,,,,,,,11.904761904761903,,11.904761904761903
1922-12-31,11.881188118811881,,,,,,,,,11.881188118811881,,11.881188118811881
1923-01-31,12.450592885375494,,,,,,,,,12.450592885375494,,12.450592885375494
1923-02-28,13.214990138067062,,,,,,,,,13.214990138067062,,13.214990138067062
1923-03-31,13.385826771653544,,,,,,,,,13.385826771653544,,13.385826771653544
1923-04-30,12.770137524557956,,,,,,,,,12.770137524557956,,12.770137524557956
1923-05-31,11.96078431372549,,,,,,,,,11.96078431372549,,11.96078431372549
1923-06-30,11.545988258317024,,,,,,,,,11.545988258317024,,11.545988258317024
1923-07-31,10.7421875,,,,,,,,,10.7421875,,10.7421875
1923-08-31,11.11111111111111,,,,,,,,,11.11111111111111,,11.11111111111111
1923-09-30,11.284046692607005,,,,,,,,,11.284046692607005,,11.284046692607005
1923-10-31,10.679611650485436,,,,,,,,,10.679611650485436,,10.679611650485436
1923-11-30,11.627906976744185,,,,,,,,,11.627906976744185,,11.627906976744185
1923-12-31,12.572533849129593,,,,,,,,,12.572533849129593,,12.572533849129593
1924-01-31,13.706563706563706,,,,,,,,,13.706563706563706,,13.706563706563706
1924-02-29,13.872832369942195,,,,,,,,,13.872832369942195,,13.872832369942197
1924-03-31,13.653846153846153,,,,,,,,,13.653846153846153,,13.653846153846153
1924-04-30,12.667946257197697,,,,,,,,,12.667946257197697,,12.667946257197697
1924-05-31,12.643678160919542,,,,,,,,,12.643678160919542,,12.643678160919542
1924-06-30,13.766730401529637,,,,,,,,,13.766730401529637,,13.766730401529637
1924-07-31,15.076335877862595,,,,,,,,,15.076335877862595,,15.076335877862597
1924-08-31,16.0,,,,,,,,,16.0,,16.0
1924-09-30,15.96958174904943,,,,,,,,,15.96958174904943,,15.969581749049429
1924-10-31,15.370018975332068,,,,,,,,,15.370018975332068,,15.370018975332068
1924-11-30,16.666666666666664,,,,,,,,,16.666666666666664,,16.666666666666664
1924-12-31,17.391304347826086,,,,,,,,,17.391304347826086,,17.391304347826086
1925-01-31,17.735849056603772,,,,,,,,,17.735849056603772,,17.735849056603772
1925-02-28,17.890772128060263,,,,,,,,,17.890772128060263,,17.890772128060263
1925-03-31,17.481203007518797,,,,,,,,,17.481203007518797,,17.481203007518797
1925-04-30,17.4484052532833,,,,,,,,,17.4484052532833,,17.4484052532833
1925-05-31,18.164794007490638,,,,,,,,,18.164794007490638,,18.164794007490638
1925-06-30,18.317757009345794,,,,,,,,,18.317757009345794,,18.317757009345794
1925-07-31,18.65671641791045,,,,,,,,,18.65671641791045,,18.65671641791045
1925-08-31,18.994413407821227,,,,,,,,,18.994413407821227,,18.994413407821227
1925-09-30,19.888475836431226,,,,,,,,,19.888475836431226,,19.888475836431226
1925-10-31,21.335807050092765,,,,,,,,,21.335807050092765,,21.335807050092765
1925-11-30,21.666666666666668,,,,,,,,,21.666666666666668,,21.666666666666668
1925-12-31,22.73567467652495,,,,,,,,,22.73567467652495,,22.73567467652495
1926-01-31,23.43173431734317,,,,,,,,,23.43173431734317,,23.43173431734317
1926-02-28,23.756906077348066,,,,,,,,,23.756906077348066,,23.756906077348066
1926-03-31,21.323529411764707,,,,,,,,,21.323529411764707,,21.323529411764707
1926-04-30,19.816513761467892,,,,,,,,,19.816513761467892,,19.816513761467892
1926-05-31,20.87912087912088,,,,,,,,,20.87912087912088,,20.87912087912088
1926-06-30,23.40036563071298,,,,,,,,,23.40036563071298,,23.40036563071298
1926-07-31,27.919708029197082,,,,,,,,,27.919708029197082,,27.919708029197082
1926-08-31,30.965391621129324,,,,,,,,,30.965391621129324,,30.965391621129324
1926-09-30,31.454545454545457,,,,,,,,,31.454545454545457,,31.45454545454546
1926-10-31,30.490018148820326,,,,,,,,,30.490018148820326,,30.490018148820326
1926-11-30,31.34057971014493,,,,,,,,,31.34057971014493,,31.34057971014493
1926-12-31,33.815551537070526,,,,,,,,,33.815551537070526,,33.815551537070526
1927-01-31,34.47653429602888,,,,,,,,,34.47653429602888,,34.47653429602888
1927-02-28,38.55855855855856,,,,,,,,,38.55855855855856,,38.55855855855856
1927-03-31,41.726618705035975,,,,,,,,,41.726618705035975,,41.726618705035975
1927-04-30,44.165170556552965,,,,,,,,,44.165170556552965,,44.165170556552965
1927-05-31,49.82078853046595,,,,,,,,,49.82078853046595,,49.82078853046595
1927-06-30,51.341681574239715,,,,,,,,,51.341681574239715,,51.341681574239715
1927-07-31,59.285714285714285,,,,,,,,,59.285714285714285,,59.285714285714285
1927-08-31,69.34046345811052,,,,,,,,,69.34046345811052,,69.34046345811052
1927-09-30,79.00355871886121,,,,,,,,,79.00355871886121,,79.00355871886121
1927-10-31,75.48845470692717,,,,,,,,,75.48845470692717,,75.48845470692717
1927-11-30,82.80141843971631,,,,,,,,,82.80141843971631,,82.80141843971631
1927-12-31,85.30973451327434,,,,,,,,,85.30973451327434,,85.30973451327434
1928-01-31,86.39575971731449,,,,,,,,,86.39575971731449,,86.39575971731449
1928-02-29,86.94885361552028,,,,,,,,,86.94885361552028,,86.94885361552028
1928-03-31,92.6056338028169,,,,,,,,,92.6056338028169,,92.6056338028169
1928-04-30,95.07908611599298,,,,,,,,,95.07908611599298,,95.07908611599298
1928-05-31,95.96491228070175,,,,,,,,,95.96491228070175,,95.96491228070175
1928-06-30,94.57092819614711,,,,,,,,,94.57092819614711,,94.57092819614711
1928-07-31,94.58041958041959,,,,,,,,,94.58041958041959,,94.58041958041959
1928-08-31,95.81151832460732,,,,,,,,,95.81151832460732,,95.81151832460732
1928-09-30,98.78048780487805,,,,,,,,,98.78048780487805,,98.78048780487805
1928-10-31,99.65217391304347,,,,,,,,,99.65217391304347,,99.65217391304347
1928-11-30,99.82638888888889,,,,,,,,,99.82638888888889,,99.82638888888889
1928-12-31,100.0,,,,,,,,,100.0,,100.0
1929-01-31,100.0,,,,,,,,,100.0,,100.0
1929-02-28,100.0,,,,,,,,,100.0,,100.0
1929-03-31,100.0,,,,,,,,,100.0,,100.0
1929-04-30,99.82788296041308,,,,,,,,,99.82788296041308,,99.82788296041308
1929-05-31,100.0,,,,,,,,,100.0,,100.0
1929-06-30,100.0,,,,,,,,,100.0,,100.0
1929-07-31,100.0,,,,,,,,,100.0,,100.0
1929-08-31,100.0,,,,,,,,,100.0,,100.0
1929-09-30,100.0,,,,,,,,,100.0,,100.0
1929-10-31,99.48892674616695,,,,,,,,,99.48892674616695,,99.48892674616695
1929-11-30,92.00680272108843,,,,,,,,,92.00680272108843,,92.00680272108843
1929-12-31,93.71816638370119,,,,,,,,,93.71816638370119,,93.71816638370119
1930-01-31,94.0677966101695,,,,,,,,,94.0677966101695,,94.0677966101695
1930-02-28,97.63113367174282,,,,,,,,,97.63113367174282,,97.63113367174282
1930-03-31,97.80405405405406,,,,,,,,,97.80405405405406,,97.80405405405406
1930-04-30,98.31365935919055,,,,,,,,,98.31365935919055,,98.31365935919055
1930-05-31,97.3063973063973,,,,,,,,,97.3063973063973,,97.3063973063973
1930-06-30,92.60504201680672,,,,,,,,,92.60504201680672,,92.60504201680672
1930-07-31,91.61073825503355,,,,,,,,,91.61073825503355,,91.61073825503355
1930-08-31,91.12227805695142,,,,,,,,,91.12227805695142,,91.12227805695142
1930-09-30,90.46822742474916,,,,,,,,,90.46822742474916,,90.46822742474916
1930-10-31,77.46243739565944,,,,,,,,,77.46243739565944,,77.46243739565944
1930-11-30,63.83333333333333,,,,,,,,,63.83333333333333,,63.83333333333333
1930-12-31,56.40599001663894,,,,,,,,,56.40599001663894,,56.40599001663894
1931-01-31,61.96013289036545,,,,,,,,,61.96013289036545,,61.96013289036546
1931-02-28,77.28026533996683,,,,,,,,,77.28026533996683,,77.28026533996683
1931-03-31,79.63576158940397,,,,,,,,,79.63576158940397,,79.63576158940397
1931-04-30,62.97520661157024,,,,,,,,,62.97520661157024,,62.97520661157024
1931-05-31,49.17491749174918,,,,,,,,,49.17491749174918,,49.17491749174918
1931-06-30,44.481054365733115,,,,,,,,,44.481054365733115,,44.481054365733115
1931-07-31,51.151315789473685,,,,,,,,,51.151315789473685,,51.151315789473685
1931-08-31,43.51395730706076,,,,,,,,,43.51395730706076,,43.51395730706076
1931-09-30,28.688524590163933,,,,,,,,,28.688524590163933,,28.688524590163933
1931-10-31,20.29459901800327,,,,,,,,,20.29459901800327,,20.29459901800327
1931-11-30,21.73202614379085,,,,,,,,,21.73202614379085,,21.73202614379085
1931-12-31,15.00815660685155,,,,,,,,,15.00815660685155,,15.008156606851548
1932-01-31,15.146579804560261,,,,,,,,,15.146579804560261,,15.146579804560261
1932-02-29,15.447154471544716,,,,,,,,,15.447154471544716,,15.447154471544716
1932-03-31,15.584415584415584,,,,,,,,,15.584415584415584,,15.584415584415584
1932-04-30,8.752025931928689,,,,,,,,,8.752025931928689,,8.752025931928689
1932-05-31,5.825242718446602,,,,,,,,,5.825242718446602,,5.825242718446602
1932-06-30,3.0694668820678515,,,,,,,,,3.0694668820678515,,3.0694668820678515
1932-07-31,3.7096774193548385,,,,,,,,,3.7096774193548385,,3.7096774193548385
1932-08-31,14.814814814814813,,,,,,,,,14.814814814814813,,14.814814814814813
1932-09-30,17.20257234726688,,,,,,,,,17.20257234726688,,17.20257234726688
1932-10-31,13.964686998394862,,,,,,,,,13.964686998394862,,13.964686998394862
1932-11-30,13.942307692307693,,,,,,,,,13.942307692307693,,13.942307692307692
1932-12-31,13.120000000000001,,,,,,,,,13.120000000000001,,13.120000000000001
1933-01-31,15.175718849840255,,,,,,,,,15.175718849840255,,15.175718849840257
1933-02-28,11.164274322169058,,,,,,,,,11.164274322169058,,11.164274322169058
1933-03-31,11.305732484076433,,,,,,,,,11.305732484076433,,11.305732484076433
1933-04-30,15.421303656597773,,,,,,,,,15.421303656597773,,15.421303656597773
1933-05-31,23.333333333333332,,,,,,,,,23.333333333333332,,23.333333333333332
1933-06-30,33.12202852614897,,,,,,,,,33.12202852614897,,33.12202852614897
1933-07-31,37.65822784810127,,,,,,,,,37.65822784810127,,37.65822784810127
1933-08-31,32.22748815165877,,,,,,,,,32.22748815165877,,32.22748815165877
1933-09-30,31.703470031545745,,,,,,,,,31.703470031545745,,31.703470031545745
1933-10-31,25.984251968503933,,,,,,,,,25.984251968503933,,25.984251968503933
1933-11-30,28.30188679245283,,,,,,,,,28.30188679245283,,28.301886792452834
1933-12-31,28.885400313971743,,,,,,,,,28.885400313971743,,28.885400313971743
1934-01-31,33.22884012539185,,,,,,,,,33.22884012539185,,33.22884012539185
1934-02-28,39.906103286384976,,,,,,,,,39.906103286384976,,39.906103286384976
1934-03-31,34.21875,,,,,,,,,34.21875,,34.21875
1934-04-30,36.193447737909516,,,,,,,,,36.193447737909516,,36.193447737909516
1934-05-31,28.34890965732087,,,,,,,,,28.34890965732087,,28.348909657320874
1934-06-30,29.082426127527217,,,,,,,,,29.082426127527217,,29.082426127527217
1934-07-31,25.931677018633543,,,,,,,,,25.931677018633543,,25.931677018633543
1934-08-31,23.10077519379845,,,,,,,,,23.10077519379845,,23.10077519379845
1934-09-30,21.517027863777088,,,,,,,,,21.517027863777088,,21.517027863777088
1934-10-31,22.256568778979908,,,,,,,,,22.256568778979908,,22.256568778979908
1934-11-30,24.537037037037038,,,,,,,,,24.537037037037038,,24.537037037037038
1934-12-31,25.731895223420647,,,,,,,,,25.731895223420647,,25.731895223420647
1935-01-31,25.076923076923073,,,,,,,,,25.076923076923073,,25.076923076923073
1935-02-28,21.812596006144393,,,,,,,,,21.812596006144393,,21.812596006144393
1935-03-31,19.171779141104295,,,,,,,,,19.171779141104295,,19.171779141104295
1935-04-30,22.2052067381317,,,,,,,,,22.2052067381317,,22.2052067381317
1935-05-31,28.74617737003058,,,,,,,,,28.74617737003058,,28.74617737003058
1935-06-30,31.603053435114504,,,,,,,,,31.603053435114504,,31.603053435114504
1935-07-31,35.36585365853659,,,,,,,,,35.36585365853659,,35.36585365853659
1935-08-31,42.31354642313546,,,,,,,,,42.31354642313546,,42.31354642313546
1935-09-30,44.07294832826747,,,,,,,,,44.07294832826747,,44.07294832826747
1935-10-31,47.040971168437025,,,,,,,,,47.040971168437025,,47.040971168437025
1935-11-30,60.303030303030305,,,,,,,,,60.303030303030305,,60.303030303030305
1935-12-31,60.514372163388806,,,,,,,,,60.514372163388806,,60.514372163388806
1936-01-31,69.63746223564955,,,,,,,,,69.63746223564955,,69.63746223564955
1936-02-29,79.33634992458522,,,,,,,,,79.33634992458522,,79.33634992458522
1936-03-31,82.2289156626506,,,,,,,,,82.2289156626506,,82.2289156626506
1936-04-30,82.70676691729322,,,,,,,,,82.70676691729322,,82.70676691729322
1936-05-31,74.77477477477478,,,,,,,,,74.77477477477478,,74.77477477477478
1936-06-30,80.50974512743629,,,,,,,,,80.50974512743629,,80.50974512743629
1936-07-31,86.67664670658682,,,,,,,,,86.67664670658682,,86.67664670658682
1936-08-31,87.593423019432,,,,,,,,,87.593423019432,,87.593423019432
1936-09-30,88.80597014925374,,,,,,,,,88.80597014925374,,88.80597014925374
1936-10-31,91.20715350223547,,,,,,,,,91.20715350223547,,91.20715350223547
1936-11-30,92.70833333333334,,,,,,,,,92.70833333333334,,92.70833333333334
1936-12-31,91.67904903417534,,,,,,,,,91.67904903417534,,91.67904903417534
1937-01-31,92.87833827893175,,,,,,,,,92.87833827893175,,92.87833827893175
1937-02-28,94.37037037037037,,,,,,,,,94.37037037037037,,94.37037037037037
1937-03-31,93.93491124260355,,,,,,,,,93.93491124260355,,93.93491124260355
1937-04-30,89.95568685376661,,,,,,,,,89.95568685376661,,89.95568685376661
1937-05-31,85.69321533923303,,,,,,,,,85.69321533923303,,85.69321533923303
1937-06-30,80.70692194403534,,,,,,,,,80.70692194403534,,80.70692194403534
1937-07-31,86.32352941176471,,,,,,,,,86.32352941176471,,86.32352941176471
1937-08-31,87.22466960352423,,,,,,,,,87.22466960352423,,87.22466960352423
1937-09-30,63.929618768328446,,,,,,,,,63.929618768328446,,63.92961876832845
1937-10-31,41.72767203513909,,,,,,,,,41.72767203513909,,41.72767203513909
1937-11-30,33.62573099415205,,,,,,,,,33.62573099415205,,33.62573099415205
1937-12-31,31.97080291970803,,,,,,,,,31.97080291970803,,31.970802919708028
1938-01-31,35.56851311953353,,,,,,,,,35.56851311953353,,35.56851311953353
1938-02-28,34.206695778748184,,,,,,,,,34.206695778748184,,34.206695778748184
1938-03-31,29.069767441860467,,,,,,,,,29.069767441860467,,29.069767441860463
1938-04-30,25.689404934687953,,,,,,,,,25.689404934687953,,25.689404934687953
1938-05-31,27.82608695652174,,,,,,,,,27.82608695652174,,27.82608695652174
1938-06-30,28.65412445730825,,,,,,,,,28.65412445730825,,28.654124457308253
1938-07-31,46.09826589595375,,,,,,,,,46.09826589595375,,46.09826589595375
1938-08-31,47.18614718614719,,,,,,,,,47.18614718614719,,47.18614718614719
1938-09-30,42.50720461095101,,,,,,,,,42.50720461095101,,42.50720461095101
1938-10-31,58.992805755395686,,,,,,,,,58.992805755395686,,58.992805755395686
1938-11-30,60.3448275862069,,,,,,,,,60.3448275862069,,60.3448275862069
1938-12-31,56.67144906743186,,,,,,,,,56.67144906743186,,56.67144906743186
1939-01-31,55.30085959885387,,,,,,,,,55.30085959885387,,55.30085959885387
1939-02-28,55.93705293276109,,,,,,,,,55.93705293276109,,55.93705293276109
1939-03-31,56.42857142857143,,,,,,,,,56.42857142857143,,56.42857142857142
1939-04-30,40.37089871611983,,,,,,,,,40.37089871611983,,40.37089871611983
1939-05-31,43.58974358974359,,,,,,,,,43.58974358974359,,43.58974358974359
1939-06-30,46.372688477951634,,,,,,,,,46.372688477951634,,46.372688477951634
1939-07-31,51.70454545454546,,,,,,,,,51.70454545454546,,51.70454545454546
1939-08-31,49.9290780141844,,,,,,,,,49.9290780141844,,49.9290780141844
1939-09-30,62.03966005665722,,,,,,,,,62.03966005665722,,62.039660056657226
1939-10-31,66.33663366336634,,,,,,,,,66.33663366336634,,66.33663366336634
1939-11-30,64.12429378531074,,,,,,,,,64.12429378531074,,64.12429378531074
1939-12-31,60.9308885754584,,,,,,,,,60.9308885754584,,60.9308885754584
1940-01-31,61.54929577464788,,,,,,,,,61.54929577464788,,61.54929577464788
1940-02-29,60.47819971870605,,,,,,,,,60.47819971870605,,60.47819971870605
1940-03-31,59.55056179775281,,,,,,,,,59.55056179775281,,59.55056179775281
1940-04-30,61.29032258064516,,,,,,,,,61.29032258064516,,61.29032258064516
1940-05-31,40.7563025210084,,,,,,,,,40.7563025210084,,40.7563025210084
1940-06-30,30.48951048951049,,,,,,,,,30.48951048951049,,30.48951048951049
1940-07-31,34.357541899441344,,,,,,,,,34.357541899441344,,34.357541899441344
1940-08-31,36.122733612273365,,,,,,,,,36.122733612273365,,36.122733612273365
1940-09-30,41.08635097493036,,,,,,,,,41.08635097493036,,41.08635097493036
1940-10-31,41.307371349095966,,,,,,,,,41.307371349095966,,41.307371349095966
1940-11-30,44.02777777777778,,,,,,,,,44.02777777777778,,44.02777777777778
1940-12-31,38.55755894590846,,,,,,,,,38.55755894590846,,38.55755894590846
1941-01-31,38.504155124653735,,,,,,,,,38.504155124653735,,38.504155124653735
1941-02-28,30.982019363762102,,,,,,,,,30.982019363762102,,30.9820193637621
1941-03-31,30.801104972375693,,,,,,,,,30.801104972375693,,30.801104972375693
1941-04-30,28.13793103448276,,,,,,,,,28.13793103448276,,28.13793103448276
1941-05-31,26.30853994490358,,,,,,,,,26.30853994490358,,26.30853994490358
1941-06-30,26.822558459422286,,,,,,,,,26.822558459422286,,26.822558459422286
1941-07-31,29.807692307692307,,,,,,,,,29.807692307692307,,29.807692307692307
1941-08-31,28.39506172839506,,,,,,,,,28.39506172839506,,28.39506172839506
1941-09-30,27.123287671232877,,,,,,,,,27.123287671232877,,27.123287671232877
1941-10-31,22.845417236662108,,,,,,,,,22.845417236662108,,22.845417236662108
1941-11-30,18.852459016393443,,,,,,,,,18.852459016393443,,18.852459016393443
1941-12-31,16.234652114597544,,,,,,,,,16.234652114597544,,16.234652114597544
1942-01-31,16.348773841961854,,,,,,,,,16.348773841961854,,16.348773841961854
1942-02-28,15.238095238095239,,,,,,,,,15.238095238095239,,15.238095238095237
1942-03-31,13.722826086956522,,,,,,,,,13.722826086956522,,13.722826086956522
1942-04-30,12.48303934871099,,,,,,,,,12.48303934871099,,12.48303934871099
1942-05-31,12.330623306233063,,,,,,,,,12.330623306233063,,12.330623306233063
1942-06-30,13.802435723951287,,,,,,,,,13.802435723951287,,13.802435723951287
1942-07-31,14.594594594594595,,,,,,,,,14.594594594594595,,14.594594594594595
1942-08-31,14.304993252361673,,,,,,,,,14.304993252361673,,14.30499325236167
1942-09-30,14.420485175202154,,,,,,,,,14.420485175202154,,14.420485175202156
1942-10-31,15.88156123822342,,,,,,,,,15.88156123822342,,15.881561238223421
1942-11-30,16.129032258064516,,,,,,,,,16.129032258064516,,16.129032258064516
1942-12-31,15.973154362416109,,,,,,,,,15.973154362416109,,15.973154362416109
1943-01-31,17.694369973190348,,,,,,,,,17.694369973190348,,17.694369973190348
1943-02-28,19.67871485943775,,,,,,,,,19.67871485943775,,19.67871485943775
1943-03-31,20.454545454545457,,,,,,,,,20.454545454545457,,20.454545454545457
1943-04-30,21.09479305740988,,,,,,,,,21.09479305740988,,21.09479305740988
1943-05-31,22.933333333333334,,,,,,,,,22.933333333333334,,22.933333333333334
1943-06-30,23.96804260985353,,,,,,,,,23.96804260985353,,23.96804260985353
1943-07-31,25.930851063829785,,,,,,,,,25.930851063829785,,25.930851063829785
1943-08-31,22.177954847277555,,,,,,,,,22.177954847277555,,22.177954847277555
1943-09-30,22.811671087533156,,,,,,,,,22.811671087533156,,22.811671087533156
1943-10-31,21.986754966887418,,,,,,,,,21.986754966887418,,21.986754966887418
1943-11-30,19.17989417989418,,,,,,,,,19.17989417989418,,19.17989417989418
1943-12-31,19.815059445178335,,,,,,,,,19.815059445178335,,19.815059445178335
1944-01-31,21.240105540897098,,,,,,,,,21.240105540897098,,21.240105540897098
1944-02-29,20.816864295125164,,,,,,,,,20.816864295125164,,20.816864295125164
1944-03-31,23.026315789473685,,,,,,,,,23.026315789473685,,23.026315789473685
1944-04-30,20.76215505913272,,,,,,,,,20.76215505913272,,20.76215505913272
1944-05-31,21.653543307086615,,,,,,,,,21.653543307086615,,21.653543307086615
1944-06-30,25.557011795543904,,,,,,,,,25.557011795543904,,25.557011795543904
1944-07-31,26.96335078534031,,,,,,,,,26.96335078534031,,26.96335078534031
1944-08-31,25.751633986928102,,,,,,,,,25.751633986928102,,25.751633986928102
1944-09-30,23.759791122715406,,,,,,,,,23.759791122715406,,23.759791122715406
1944-10-31,26.46675358539765,,,,,,,,,26.46675358539765,,26.46675358539765
1944-11-30,24.869791666666664,,,,,,,,,24.869791666666664,,24.869791666666664
1944-12-31,26.788036410923276,,,,,,,,,26.788036410923276,,26.788036410923276
1945-01-31,28.96103896103896,,,,,,,,,28.96103896103896,,28.96103896103896
1945-02-28,31.776913099870296,,,,,,,,,31.776913099870296,,31.776913099870292
1945-03-31,31.476683937823836,,,,,,,,,31.476683937823836,,31.476683937823836
1945-04-30,33.63518758085382,,,,,,,,,33.63518758085382,,33.63518758085382
1945-05-31,36.304909560723516,,,,,,,,,36.304909560723516,,36.304909560723516
1945-06-30,37.41935483870968,,,,,,,,,37.41935483870968,,37.41935483870968
1945-07-31,34.79381443298969,,,,,,,,,34.79381443298969,,34.79381443298969
1945-08-31,35.13513513513514,,,,,,,,,35.13513513513514,,35.13513513513514
1945-09-30,42.41645244215938,,,,,,,,,42.41645244215938,,42.41645244215938
1945-10-31,46.59820282413351,,,,,,,,,46.59820282413351,,46.59820282413351
1945-11-30,49.871794871794876,,,,,,,,,49.871794871794876,,49.871794871794876
1945-12-31,51.85659411011524,,,,,,,,,51.85659411011524,,51.85659411011524
1946-01-31,58.31202046035806,,,,,,,,,58.31202046035806,,58.312020460358056
1946-02-28,59.642401021711365,,,,,,,,,59.642401021711365,,59.64240102171136
1946-03-31,53.18877551020408,,,,,,,,,53.18877551020408,,53.18877551020408
1946-04-30,62.038216560509554,,,,,,,,,62.038216560509554,,62.038216560509554
1946-05-31,61.832061068702295,,,,,,,,,61.832061068702295,,61.832061068702295
1946-06-30,59.974587039390094,,,,,,,,,59.974587039390094,,59.974587039390094
1946-07-31,46.954314720812185,,,,,,,,,46.954314720812185,,46.954314720812185
1946-08-31,44.106463878327,,,,,,,,,44.106463878327,,44.106463878327
1946-09-30,27.974683544303797,,,,,,,,,27.974683544303797,,27.9746835443038
1946-10-31,23.893805309734514,,,,,,,,,23.893805309734514,,23.893805309734514
1946-11-30,21.71717171717172,,,,,,,,,21.71717171717172,,21.71717171717172
1946-12-31,23.959646910466585,,,,,,,,,23.959646910466585,,23.959646910466585
1947-01-31,25.188916876574307,,,,,,,,,25.188916876574307,,25.188916876574307
1947-02-28,29.18238993710692,,,,,,,,,29.18238993710692,,29.18238993710692
1947-03-31,23.241206030150753,,,,,,,,,23.241206030150753,,23.241206030150753
1947-04-30,20.075282308657467,,,,,,,,,20.075282308657467,,20.075282308657467
1947-05-31,19.298245614035086,,,,,,,,,19.298245614035086,,19.298245614035086
1947-06-30,21.27659574468085,,,,,,,,,21.27659574468085,,21.27659574468085
1947-07-31,27.500000000000004,,,,,,,,,27.500000000000004,,27.5
1947-08-31,23.845193508114857,,,,,,,,,23.845193508114857,,23.845193508114857
1947-09-30,19.576059850374065,,,,,,,,,19.576059850374065,,19.576059850374065
1947-10-31,22.166874221668742,,,,,,,,,22.166874221668742,,22.166874221668742
1947-11-30,20.522388059701495,,,,,,,,,20.522388059701495,,20.522388059701495
1947-12-31,18.509316770186334,,,,,,,,,18.509316770186334,,18.509316770186334
1948-01-31,17.3697270471464,,,,,,,,,17.3697270471464,,17.3697270471464
1948-02-29,15.985130111524162,,,,,,,,,15.985130111524162,,15.985130111524162
1948-03-31,16.831683168316832,,,,,,,,,16.831683168316832,,16.831683168316832
1948-04-30,19.65389369592089,,,,,,,,,19.65389369592089,,19.65389369592089
1948-05-31,23.456790123456788,,,,,,,,,23.456790123456788,,23.456790123456788
1948-06-30,27.373612823674478,,,,,,,,,27.373612823674478,,27.37361282367448
1948-07-31,21.67487684729064,,,,,,,,,21.67487684729064,,21.67487684729064
1948-08-31,18.696186961869618,,,,,,,,,18.696186961869618,,18.696186961869618
1948-09-30,17.69041769041769,,,,,,,,,17.69041769041769,,17.69041769041769
1948-10-31,19.754601226993866,,,,,,,,,19.754601226993866,,19.754601226993866
1948-11-30,16.78921568627451,,,,,,,,,16.78921568627451,,16.78921568627451
1948-12-31,16.27906976744186,,,,,,,,,16.27906976744186,,16.27906976744186
1949-01-31,16.87041564792176,,,,,,,,,16.87041564792176,,16.87041564792176
1949-02-28,15.506715506715507,,,,,,,,,15.506715506715507,,15.506715506715505
1949-03-31,15.731707317073171,,,,,,,,,15.731707317073171,,15.731707317073171
1949-04-30,15.10353227771011,,,,,,,,,15.10353227771011,,15.10353227771011
1949-05-31,14.841849148418493,,,,,,,,,14.841849148418493,,14.841849148418493
1949-06-30,13.001215066828674,,,,,,,,,13.001215066828674,,13.001215066828674
1949-07-31,14.441747572815533,,,,,,,,,14.441747572815533,,14.441747572815533
1949-08-31,15.757575757575756,,,,,,,,,15.757575757575756,,15.757575757575756
1949-09-30,16.101694915254235,,,,,,,,,16.101694915254235,,16.101694915254235
1949-10-31,17.291414752116083,,,,,,,,,17.291414752116083,,17.291414752116083
1949-11-30,17.51207729468599,,,,,,,,,17.51207729468599,,17.51207729468599
1949-12-31,18.93848009650181,,,,,,,,,18.93848009650181,,18.93848009650181
1950-01-31,20.481927710843372,,,,,,,,,20.481927710843372,,20.481927710843372
1950-02-28,21.90132370637786,,,,,,,,,21.90132370637786,,21.90132370637786
1950-03-31,21.995192307692307,,,,,,,,,21.995192307692307,,21.995192307692307
1950-04-30,24.24969987995198,,,,,,,,,24.24969987995198,,24.24969987995198
1950-05-31,27.218225419664265,,,,,,,,,27.218225419664265,,27.218225419664265
1950-06-30,28.622754491017965,,,,,,,,,28.622754491017965,,28.62275449101796
1950-07-31,19.019138755980862,,,,,,,,,19.019138755980862,,19.019138755980862
1950-08-31,23.058542413381122,,,,,,,,,23.058542413381122,,23.058542413381122
1950-09-30,25.894988066825775,,,,,,,,,25.894988066825775,,25.894988066825775
1950-10-31,30.0357568533969,,,,,,,,,30.0357568533969,,30.0357568533969
1950-11-30,28.452380952380953,,,,,,,,,28.452380952380953,,28.45238095238095
1950-12-31,25.564803804994057,,,,,,,,,25.564803804994057,,25.564803804994057
1951-01-31,31.71021377672209,,,,,,,,,31.71021377672209,,31.710213776722092
1951-02-28,34.16370106761566,,,,,,,,,34.16370106761566,,34.16370106761566
1951-03-31,31.516587677725116,,,,,,,,,31.516587677725116,,31.516587677725116
1951-04-30,32.544378698224854,,,,,,,,,32.544378698224854,,32.544378698224854
1951-05-31,31.678486997635936,,,,,,,,,31.678486997635936,,31.678486997635936
1951-06-30,29.87012987012987,,,,,,,,,29.87012987012987,,29.87012987012987
1951-07-31,31.25,,,,,,,,,31.25,,31.25
1951-08-31,35.217903415783276,,,,,,,,,35.217903415783276,,35.217903415783276
1951-09-30,36.705882352941174,,,,,,,,,36.705882352941174,,36.705882352941174
1951-10-31,35.370152761457106,,,,,,,,,35.370152761457106,,35.370152761457106
1951-11-30,31.8075117370892,,,,,,,,,31.8075117370892,,31.8075117370892
1951-12-31,34.58382180539273,,,,,,,,,34.58382180539273,,34.58382180539273
1952-01-31,37.3536299765808,,,,,,,,,37.3536299765808,,37.3536299765808
1952-02-29,36.140350877192986,,,,,,,,,36.140350877192986,,36.140350877192986
1952-03-31,36.098130841121495,,,,,,,,,36.098130841121495,,36.098130841121495
1952-04-30,34.77246207701283,,,,,,,,,34.77246207701283,,34.77246207701283
1952-05-31,34.731934731934736,,,,,,,,,34.731934731934736,,34.731934731934736
1952-06-30,37.0197904540163,,,,,,,,,37.0197904540163,,37.0197904540163
1952-07-31,38.372093023255815,,,,,,,,,38.372093023255815,,38.372093023255815
1952-08-31,38.55981416957027,,,,,,,,,38.55981416957027,,38.55981416957027
1952-09-30,36.65893271461717,,,,,,,,,36.65893271461717,,36.65893271461717
1952-10-31,34.06720741599073,,,,,,,,,34.06720741599073,,34.06720741599073
1952-11-30,37.38425925925926,,,,,,,,,37.38425925925926,,37.38425925925926
1952-12-31,40.0,,,,,,,,,40.0,,40.0
1953-01-31,40.7621247113164,,,,,,,,,40.7621247113164,,40.7621247113164
1953-02-28,39.44636678200692,,,,,,,,,39.44636678200692,,39.44636678200692
1953-03-31,39.40092165898618,,,,,,,,,39.40092165898618,,39.40092165898618
1953-04-30,34.177215189873415,,,,,,,,,34.177215189873415,,34.177215189873415
1953-05-31,34.02298850574713,,,,,,,,,34.02298850574713,,34.02298850574713
1953-06-30,29.276693455797933,,,,,,,,,29.276693455797933,,29.276693455797936
1953-07-31,30.045871559633024,,,,,,,,,30.045871559633024,,30.045871559633024
1953-08-31,29.782359679266897,,,,,,,,,29.782359679266897,,29.782359679266897
1953-09-30,22.76887871853547,,,,,,,,,22.76887871853547,,22.76887871853547
1953-10-31,25.82857142857143,,,,,,,,,25.82857142857143,,25.82857142857143
1953-11-30,29.45205479452055,,,,,,,,,29.45205479452055,,29.452054794520546
1953-12-31,30.33067274800456,,,,,,,,,30.33067274800456,,30.33067274800456
1954-01-31,33.14350797266515,,,,,,,,,33.14350797266515,,33.14350797266515
1954-02-28,35.267349260523325,,,,,,,,,35.267349260523325,,35.267349260523325
1954-03-31,37.15909090909091,,,,,,,,,37.15909090909091,,37.15909090909091
1954-04-30,40.52213393870602,,,,,,,,,40.52213393870602,,40.52213393870602
1954-05-31,43.87755102040816,,,,,,,,,43.87755102040816,,43.87755102040816
1954-06-30,44.280860702151756,,,,,,,,,44.280860702151756,,44.280860702151756
1954-07-31,47.62443438914027,,,,,,,,,47.62443438914027,,47.62443438914027
1954-08-31,49.49152542372882,,,,,,,,,49.49152542372882,,49.49152542372882
1954-09-30,50.90293453724605,,,,,,,,,50.90293453724605,,50.90293453724605
1954-10-31,52.76211950394588,,,,,,,,,52.76211950394588,,52.76211950394588
1954-11-30,57.31981981981982,,,,,,,,,57.31981981981982,,57.31981981981981
1954-12-31,63.44206974128234,,,,,,,,,63.44206974128234,,63.44206974128234
1955-01-31,65.0561797752809,,,,,,,,,65.0561797752809,,65.0561797752809
1955-02-28,68.5746352413019,,,,,,,,,68.5746352413019,,68.5746352413019
1955-03-31,66.81614349775785,,,,,,,,,66.81614349775785,,66.81614349775785
1955-04-30,70.66069428891377,,,,,,,,,70.66069428891377,,70.66069428891377
1955-05-31,69.12751677852349,,,,,,,,,69.12751677852349,,69.12751677852349
1955-06-30,76.53631284916202,,,,,,,,,76.53631284916202,,76.53631284916202
1955-07-31,83.48214285714286,,,,,,,,,83.48214285714286,,83.48214285714286
1955-08-31,82.2742474916388,,,,,,,,,82.2742474916388,,82.2742474916388
1955-09-30,85.41202672605792,,,,,,,,,85.41202672605792,,85.41202672605792
1955-10-31,77.97552836484984,,,,,,,,,77.97552836484984,,77.97552836484984
1955-11-30,85.22222222222223,,,,,,,,,85.22222222222223,,85.22222222222223
1955-12-31,86.01553829078802,,,,,,,,,86.01553829078802,,86.01553829078802
1956-01-31,82.48337028824834,,,,,,,,,82.48337028824834,,82.48337028824834
1956-02-29,82.17054263565892,,,,,,,,,82.17054263565892,,82.17054263565892
1956-03-31,88.27433628318585,,,,,,,,,88.27433628318585,,88.27433628318585
1956-04-30,88.28729281767956,,,,,,,,,88.28729281767956,,88.28729281767956
1956-05-31,83.44370860927152,,,,,,,,,83.44370860927152,,83.44370860927152
1956-06-30,80.70562293274531,,,,,,,,,80.70562293274531,,80.70562293274531
1956-07-31,85.24229074889867,,,,,,,,,85.24229074889867,,85.24229074889867
1956-08-31,84.04840484048405,,,,,,,,,84.04840484048405,,84.04840484048405
1956-09-30,77.80219780219781,,,,,,,,,77.80219780219781,,77.80219780219781
1956-10-31,75.41163556531284,,,,,,,,,75.41163556531284,,75.41163556531284
1956-11-30,72.91666666666666,,,,,,,,,72.91666666666666,,72.91666666666666
1956-12-31,73.49397590361446,,,,,,,,,73.49397590361446,,73.49397590361446
1957-01-31,69.36542669584244,,,,,,,,,69.36542669584244,,69.36542669584244
1957-02-28,62.185792349726775,,,,,,,,,62.185792349726775,,62.185792349726775
1957-03-31,62.882096069869,,,,,,,,,62.882096069869,,62.882096069869
1957-04-30,64.55834242093785,,,,,,,,,64.55834242093785,,64.55834242093785
1957-05-31,68.1917211328976,,,,,,,,,68.1917211328976,,68.1917211328976
1957-06-30,69.96735582154517,,,,,,,,,69.96735582154517,,69.96735582154517
1957-07-31,70.97826086956522,,,,,,,,,70.97826086956522,,70.97826086956522
1957-08-31,62.32356134636265,,,,,,,,,62.32356134636265,,62.32356134636265
1957-09-30,55.63991323210412,,,,,,,,,55.63991323210412,,55.63991323210412
1957-10-31,48.21235102925244,,,,,,,,,48.21235102925244,,48.21235102925244
1957-11-30,44.8051948051948,,,,,,,,,44.8051948051948,,44.8051948051948
1957-12-31,44.108108108108105,,,,,,,,,44.108108108108105,,44.108108108108105
1958-01-31,45.46436285097192,,,,,,,,,45.46436285097192,,45.46436285097192
1958-02-28,45.523193096008626,,,,,,,,,45.523193096008626,,45.523193096008626
1958-03-31,46.875,,,,,,,,,46.875,,46.875
1958-04-30,46.82454251883746,,,,,,,,,46.82454251883746,,46.82454251883746
1958-05-31,49.354838709677416,,,,,,,,,49.354838709677416,,49.354838709677416
1958-06-30,52.09452201933404,,,,,,,,,52.09452201933404,,52.09452201933404
1958-07-31,54.077253218884124,,,,,,,,,54.077253218884124,,54.07725321888413
1958-08-31,60.557341907824224,,,,,,,,,60.557341907824224,,60.55734190782423
1958-09-30,63.811563169164884,,,,,,,,76.66666666666667,63.811563169164884,76.66666666666667,68.9536045681656
1958-10-31,68.98395721925134,,,,,,,,80.16528925619835,68.98395721925134,80.16528925619835,73.45649003403014
1958-11-30,73.29059829059828,,,,,,,,79.91803278688525,73.29059829059828,79.91803278688525,75.94157208911307
1958-12-31,76.20064034151548,,,,,,,,79.67479674796748,76.20064034151548,79.67479674796748,77.59030290409628
1959-01-31,80.38379530916845,,,,,,,,49.193548387096776,80.38379530916845,49.193548387096776,67.90769654033977
1959-02-28,78.80724174653886,,,,,,,,49.2,78.80724174653886,49.2,66.96434504792332
1959-03-31,82.87234042553192,,,99.16666666666667,,,,,49.2063492063492,91.01950354609929,49.2063492063492,74.29424181019925
1959-04-30,83.95324123273113,,,100.0,,,,,33.85826771653544,91.97662061636557,33.85826771653544,68.72927945643352
1959-05-31,85.24416135881104,,,99.59016393442623,,,,,33.984375,92.41716264661864,33.984375,69.04404758797118
1959-06-30,83.881230116649,,,99.1869918699187,,,,,34.10852713178294,91.53411099328385,34.10852713178294,68.56387744868348
1959-07-31,88.02966101694916,,,97.58064516129032,,,,,18.076923076923077,92.80515308911974,18.076923076923077,62.91386108424108
1959-08-31,87.19576719576719,,,97.2,,,,,18.3206106870229,92.19788359788359,18.3206106870229,62.64697443353931
1959-09-30,81.3953488372093,,,96.82539682539682,,,,,18.560606060606062,89.11037283130307,18.560606060606062,60.89046612302427
1959-10-31,80.14783526927138,,,100.0,,,,,15.413533834586465,90.07391763463569,15.413533834586465,60.209764114616
1959-11-30,80.69620253164557,,,99.609375,,,,,15.671641791044777,90.15278876582278,15.671641791044777,60.36032997591158
1959-12-31,84.5100105374078,,,99.2248062015504,,,,,15.925925925925927,91.8674083694791,15.925925925925927,61.490815392057826
1960-01-31,82.73684210526315,,,90.76923076923077,,,,,27.205882352941174,86.75303643724696,27.205882352941174,62.93417480352465
1960-02-29,75.8149316508938,,,90.45801526717557,,,,,27.37226277372263,83.13647345903468,27.37226277372263,60.83078918490986
1960-03-31,74.68487394957984,,,90.15151515151516,,,,,27.536231884057973,82.4181945505475,27.536231884057973,60.46540948395168
1960-04-30,75.34102833158447,,,95.48872180451127,,,,,52.51798561151079,85.41487506804788,52.51798561151079,72.25611928543304
1960-05-31,74.21383647798741,,,95.1492537313433,,,,,52.5,84.68154510466536,52.5,71.80892706279921
1960-06-30,78.63874345549739,,,94.81481481481482,,,,,52.4822695035461,86.72677913515611,52.4822695035461,73.0289752825121
1960-07-31,75.10460251046025,,,82.35294117647058,,,,,53.52112676056338,78.72877184346541,53.52112676056338,68.6457138103046
1960-08-31,76.28004179728318,,,82.11678832116789,,,,,53.4965034965035,79.19841505922554,53.4965034965035,68.91765043413673
1960-09-30,72.02505219206681,,,81.88405797101449,,,,,53.47222222222222,76.95455508154065,53.47222222222222,67.56162193781327
1960-10-31,67.98748696558916,,,97.84172661870504,,,,,74.13793103448276,82.9146067921471,74.13793103448276,79.40393648908136
1960-11-30,73.22916666666667,,,97.5,,,,,73.97260273972603,85.36458333333334,73.97260273972603,80.80779109589042
1960-12-31,76.17065556711758,,,97.16312056737588,,,,,73.80952380952381,86.66688806724673,73.80952380952381,81.52394236415756
1961-01-31,84.0956340956341,,,100.0,,,,,81.75675675675676,92.04781704781705,81.75675675675676,87.93139293139293
1961-02-28,89.09657320872275,,,99.65034965034964,,,,,81.54362416107382,94.37346142953619,81.54362416107382,89.24152652215125
1961-03-31,91.28630705394191,,,99.30555555555556,,,,,81.33333333333333,95.29593130474873,81.33333333333333,89.71089211618258
1961-04-30,92.53886010362694,,,97.93103448275862,,,,,79.13907284768213,95.23494729319279,79.13907284768213,88.79659751498852
1961-05-31,93.06418219461698,,,97.6027397260274,,,,,78.94736842105263,95.33346096032218,78.94736842105263,88.77902394461437
1961-06-30,92.2440537745605,,,97.27891156462584,,,,,78.75816993464052,94.76148266959316,78.75816993464052,88.3601575756121
1961-07-31,91.94214876033058,,,100.0,,,,,80.51948051948052,95.97107438016529,80.51948051948052,89.79043683589138
1961-08-31,93.49845201238391,,,99.66442953020133,,,,,80.3225806451613,96.58144077129262,80.3225806451613,90.07789672084009
1961-09-30,93.09278350515464,,,99.33333333333333,,,,,80.12820512820514,96.21305841924399,80.12820512820514,89.77911710282845
1961-10-31,93.20288362512873,,,100.0,,,,,72.29299363057325,96.60144181256436,72.29299363057325,86.87806253976791
1961-11-30,95.26748971193416,,,99.67105263157895,,,,,72.15189873417721,97.46927117175656,72.15189873417721,87.34232219672481
1961-12-31,95.78622816032887,,,99.34640522875817,,,,,72.0125786163522,97.56631669454353,72.0125786163522,87.344821463267
1962-01-31,93.83983572895276,,,98.05194805194806,,,,,20.3125,95.94589189045041,20.3125,65.69253513427024
1962-02-28,94.15384615384616,,,97.74193548387096,,,,,20.496894409937887,95.94789081885855,20.496894409937887,65.76749225529029
1962-03-31,94.05737704918032,,,97.43589743589743,,,,,20.679012345679013,95.74663724253887,20.679012345679013,65.71958728379492
1962-04-30,92.32343909928352,,,90.44585987261146,,,,,11.65644171779141,91.38464948594749,11.65644171779141,59.49336637868505
1962-05-31,86.70756646216769,,,90.18987341772153,,,,,11.890243902439025,88.44871993994461,11.890243902439025,57.825329524942376
1962-06-30,68.43718079673135,,,89.937106918239,,,,,12.121212121212121,79.18714385748518,12.121212121212121,52.36077116297596
1962-07-31,71.42857142857143,,,90.625,,,,,9.63855421686747,81.02678571428572,9.63855421686747,52.47149311531842
1962-08-31,74.5158002038736,,,90.37267080745342,,,,,9.880239520958083,82.4442355056635,9.880239520958083,53.41863711178133
1962-09-30,73.21792260692465,,,90.12345679012346,,,,,10.119047619047619,81.67068969852406,10.119047619047619,53.050032866733474
1962-10-31,67.75178026449645,,,92.63803680981594,,,,,14.792899408284024,80.1949085371562,14.792899408284024,54.03410488560732
1962-11-30,77.4390243902439,,,92.3780487804878,,,,,15.0,84.90853658536585,15.0,56.94512195121951
1962-12-31,83.24873096446701,,,92.12121212121212,,,,,15.204678362573098,87.68497154283958,15.204678362573098,58.69285427073299
1963-01-31,87.52535496957404,,,96.3855421686747,,,,,37.2093023255814,91.95544856912437,37.2093023255814,70.05699007170718
1963-02-28,88.44984802431611,,,96.10778443113772,,,,,37.283236994219656,92.2788162277269,37.283236994219656,70.280584534324
1963-03-31,87.85425101214574,,,95.83333333333334,,,,,37.35632183908046,91.84379217273954,37.35632183908046,70.04880403927591
1963-04-30,91.0010111223458,,,96.44970414201184,,,,,74.28571428571429,93.72535763217883,74.28571428571429,85.94950029359302
1963-05-31,91.81818181818183,,,96.17647058823529,,,,,74.14772727272727,93.99732620320856,74.14772727272727,86.05748663101605
1963-06-30,91.32189707366297,,,95.90643274853801,,,,,74.01129943502825,93.61416491110049,74.01129943502825,85.77301872067159
1963-07-31,90.32258064516128,,,98.25581395348837,,,,,78.08988764044943,94.28919729932483,78.08988764044943,87.80947343577466
1963-08-31,91.64149043303121,,,97.97687861271676,,,,,77.93296089385476,94.80918452287398,77.93296089385476,88.05869507126629
1963-09-30,92.75653923541248,,,97.70114942528735,,,,,77.77777777777779,95.22884433034992,77.77777777777779,88.24841770932106
1963-10-31,92.56281407035176,,,89.71428571428571,,,,,75.96685082872928,91.13854989231874,75.96685082872928,85.06987026688296
1963-11-30,92.3694779116466,,,89.48863636363636,,,,,75.82417582417582,90.92905713764148,75.82417582417582,84.88710461225521
1963-12-31,93.17953861584755,,,89.26553672316385,,,,,75.68306010928961,91.2225376695057,75.68306010928961,85.00674664541927
1964-01-31,94.58917835671342,,,93.25842696629213,,,,,57.608695652173914,93.92380266150278,57.608695652173914,79.39775985777123
1964-02-29,95.1951951951952,,,93.01675977653632,,,,,57.567567567567565,94.10597748586576,57.567567567567565,79.49061351854648
1964-03-31,95.89999999999999,,,92.77777777777779,,,,,57.52688172043011,94.33888888888889,57.52688172043011,79.61408602150539
1964-04-30,96.8031968031968,,,91.71270718232044,,,,,36.63101604278075,94.25795199275862,36.63101604278075,71.20717761276747
1964-05-31,97.0059880239521,,,91.48351648351648,,,,,36.702127659574465,94.24475225373429,36.702127659574465,71.22770241607036
1964-06-30,96.01196410767697,,,91.2568306010929,,,,,36.77248677248677,93.63439735438493,36.77248677248677,70.88963312162566
1964-07-31,97.31075697211156,,,93.47826086956522,,,,,30.526315789473685,95.39450892083839,30.526315789473685,69.4472316682925
1964-08-31,96.91542288557214,,,93.24324324324324,,,,,30.628272251308903,95.07933306440769,30.628272251308903,69.29890873916818
1964-09-30,97.11729622266402,,,93.01075268817203,,,,,30.729166666666668,95.06402445541804,30.729166666666668,69.33008133991748
1964-10-31,98.01390268123139,,,96.79144385026738,,,,,26.165803108808287,97.40267326574939,26.165803108808287,68.90792520297295
1964-11-30,98.01587301587301,,,96.54255319148936,,,,,26.288659793814436,97.27921310368119,26.288659793814436,68.88299177973448
1964-12-31,96.63032705649157,,,96.29629629629629,,,,,26.410256410256412,96.46331167639393,26.410256410256412,68.44208956993891
1965-01-31,98.11881188118812,,,95.26315789473684,,,,,35.714285714285715,96.69098488796249,35.714285714285715,72.30030521849177
1965-02-28,98.12067260138477,,,95.02617801047121,,,,,35.786802030456855,96.573425305928,35.786802030456855,72.25877599573954
1965-03-31,97.92490118577075,,,94.79166666666666,,,,,35.858585858585855,96.3582839262187,35.858585858585855,72.15840469916556
1965-04-30,98.1243830207305,,,78.23834196891191,,,,,37.437185929648244,88.1813624948212,37.437185929648244,67.88369186875201
1965-05-31,98.32347140039448,,,78.09278350515464,,,,,37.5,88.20812745277456,37.5,67.92487647166473
1965-06-30,95.36945812807882,,,77.94871794871796,,,,,37.56218905472637,86.65908803839838,37.56218905472637,67.02032844492958
1965-07-31,94.98031496062993,,,90.81632653061224,,,,,35.396039603960396,92.89832074562108,35.396039603960396,69.8974082889568
1965-08-31,96.0668633235005,,,90.60913705583756,,,,,35.467980295566505,93.33800018966903,35.467980295566505,70.18999223202802
1965-09-30,97.93713163064834,,,90.40404040404042,,,,,35.53921568627451,94.17058601734438,35.53921568627451,70.71803788491643
1965-10-31,98.33169774288518,,,89.44723618090453,,,,,12.926829268292684,93.88946696189485,12.926829268292684,61.50441188445399
1965-11-30,98.33333333333333,,,89.25,,,,,13.106796116504855,93.79166666666666,13.106796116504855,61.51771844660193
1965-12-31,98.0411361410382,,,89.05472636815921,,,,,13.285024154589372,93.5479312545987,13.285024154589372,61.442768414594966
1966-01-31,98.33659491193738,,,77.72277227722772,,,,,7.6923076923076925,88.02968359458255,7.6923076923076925,55.89473323367261
1966-02-28,98.04496578690127,,,77.58620689655173,,,,,7.894736842105263,87.8155863417265,7.894736842105263,55.847246541878
1966-03-31,95.3125,,,77.45098039215686,,,,,8.095238095238095,86.38174019607843,8.095238095238095,55.06713935574229
1966-04-30,96.6829268292683,,,72.1951219512195,,,,,7.5829383886255926,84.4390243902439,7.5829383886255926,53.69658998959658
1966-05-31,92.78752436647173,,,72.0873786407767,,,,,7.783018867924528,82.43745150362422,7.783018867924528,52.575678449344345
1966-06-30,91.91820837390458,,,71.98067632850241,,,,,7.981220657276995,81.94944235120349,7.981220657276995,52.36215367363289
1966-07-31,91.34241245136187,,,69.71153846153845,,,,,6.074766355140187,80.52697545645016,6.074766355140187,50.74609181592617
1966-08-31,86.68610301263362,,,69.61722488038278,,,,,6.279069767441861,78.1516639465082,6.279069767441861,49.402626274881655
1966-09-30,83.49514563106796,,,69.52380952380952,,,,,6.481481481481481,76.50947757743873,6.481481481481481,48.49827913905583
1966-10-31,81.28031037827353,,,70.14218009478674,,,,,5.990783410138248,75.71124523653013,5.990783410138248,47.82306050597338
1966-11-30,85.75581395348837,,,70.04716981132076,,,,,6.192660550458716,77.90149188240457,6.192660550458716,49.21795934962623
1966-12-31,85.76960309777347,,,69.95305164319248,,,,,6.392694063926941,77.86132737048297,6.392694063926941,49.27387404786056
1967-01-31,88.29787234042553,,,71.96261682242991,,,,,8.636363636363637,80.13024458142772,8.636363636363637,51.532692203402085
1967-02-28,90.53140096618357,,,71.86046511627907,,,,,8.823529411764707,81.19593304123131,8.823529411764707,52.24697158944467
1967-03-31,91.40926640926641,,,71.75925925925925,,,,,9.00900900900901,81.58426283426283,9.00900900900901,52.5541613041613
1967-04-30,92.38187078109932,,,72.35023041474655,,,,,9.865470852017937,82.36605059792294,9.865470852017937,53.36581869956093
1967-05-31,93.25626204238921,,,72.24770642201835,,,,,10.044642857142858,82.75198423220378,10.044642857142858,53.66904768217941
1967-06-30,91.72281039461019,,,72.14611872146118,,,,,10.222222222222223,81.93446455803569,10.222222222222223,53.2495676237103
1967-07-31,92.5,,,74.0909090909091,,,,,19.02654867256637,83.29545454545455,19.02654867256637,57.58789219629928
1967-08-31,93.27569644572526,,,73.98190045248869,,,,,19.162995594713657,83.62879844910697,19.162995594713657,57.84247730734964
1967-09-30,93.66602687140116,,,73.87387387387388,,,,,19.298245614035086,83.76995037263751,19.298245614035086,57.981268469196536
1967-10-31,93.38446788111217,,,74.43946188340807,,,,,77.07423580786026,83.91196488226012,77.07423580786026,81.17687325250017
1967-11-30,90.42145593869732,,,74.33035714285714,,,,,76.95652173913044,82.37590654077724,76.95652173913044,80.20815262011851
1967-12-31,92.05741626794259,,,74.22222222222223,,,,,76.83982683982684,83.1398192450824,76.83982683982684,80.61982228298018
1968-01-31,91.01338432122371,,,68.14159292035397,,,,,39.87068965517241,79.57748862078884,39.87068965517241,63.69476903454227
1968-02-29,87.20152817574021,,,68.06167400881057,,,,,39.91416309012876,77.63160109227539,39.91416309012876,62.544625891416736
1968-03-31,85.68702290076335,,,67.98245614035088,,,,,39.95726495726496,76.83473952055712,39.95726495726496,62.08374969524026
1968-04-30,90.08579599618685,,,68.5589519650655,,,,,24.680851063829788,79.32237398062617,24.680851063829788,57.46576481390762
1968-05-31,91.42857142857143,,,68.47826086956522,,,,,24.78813559322034,79.95341614906832,24.78813559322034,57.887303926729125
1968-06-30,93.05423406279733,,,68.3982683982684,,,,,24.894514767932492,80.72625123053287,24.894514767932492,58.393556645492716
1968-07-31,91.92015209125475,,,67.67241379310344,,,,,16.80672268907563,79.79628294217909,16.80672268907563,54.600458840937705
1968-08-31,89.36372269705602,,,67.59656652360515,,,,,16.94560669456067,78.48014461033058,16.94560669456067,53.86632944402262
1968-09-30,91.46110056925995,,,67.52136752136752,,,,,17.083333333333332,79.49123404531375,17.083333333333332,54.52807376052158
1968-10-31,92.98578199052133,,,77.02127659574468,,,,,5.394190871369295,85.003529293133,5.394190871369295,53.15979392442752
1968-11-30,93.65530303030303,,,76.90677966101694,,,,,5.578512396694215,85.28104134565999,5.578512396694215,53.40002976607368
1968-12-31,93.94512771996216,,,76.79324894514767,,,,,5.761316872427984,85.36918833255491,5.761316872427984,53.52603974850414
1969-01-31,89.13043478260869,,,67.22689075630252,,,,,10.860655737704917,78.1786627694556,10.860655737704917,51.251459956755326
1969-02-28,87.81869688385268,,,67.15481171548117,,,,,11.020408163265307,77.48675429966693,11.020408163265307,50.900215845106274
1969-03-31,85.75471698113208,,,67.08333333333333,,,,,11.178861788617885,76.41902515723271,11.178861788617885,50.322959809786774
1969-04-30,86.33364750235627,,,65.14522821576763,,,,,15.587044534412955,75.73943785906195,15.587044534412955,51.67848052920235
1969-05-31,88.22975517890772,,,65.08264462809917,,,,,15.725806451612904,76.65619990350345,15.725806451612904,52.28404252274723
1969-06-30,83.34901222953904,,,65.02057613168725,,,,,15.863453815261044,74.18479418061315,15.863453815261044,50.85625803447231
1969-07-31,77.5375939849624,,,58.19672131147541,,,,,19.6,67.8671576482189,19.6,48.56029458893135
1969-08-31,75.86854460093898,,,58.16326530612245,,,,,19.721115537848604,67.01590495353071,19.721115537848604,48.097989187257866
1969-09-30,75.60975609756098,,,58.13008130081301,,,,,19.841269841269842,66.869918699187,19.841269841269842,48.058459156020135
1969-10-31,76.1012183692596,,,53.84615384615385,,,,,19.960474308300398,64.97368610770673,19.960474308300398,46.9684013879442
1969-11-30,75.93632958801498,,,53.83064516129033,,,,,20.078740157480315,64.88348737465266,20.078740157480315,46.96158848778372
1969-12-31,67.44621141253508,,,53.81526104417671,0.8333333333333334,,,3.3333333333333286,20.19607843137255,60.63073622835589,8.120915032679736,39.626807750085426
1970-01-31,64.85981308411215,,,49.6,0.8264462809917356,,,2.47933884297521,24.4140625,57.22990654205607,9.239949207988982,38.033923608429234
1970-02-28,58.730158730158735,,,49.60159362549801,0.819672131147541,,,4.098360655737707,24.5136186770428,54.16587617782837,9.810550487976016,36.42374590188743
1970-03-31,59.79477611940298,,,49.60317460317461,1.6260162601626018,,,8.943089430894318,24.612403100775193,54.698975361288795,11.727169597277372,37.510253055684224
1970-04-30,55.265610438024225,,,43.08300395256917,1.6129032258064515,,,8.064516129032256,21.814671814671815,49.1743071952967,10.497363723170174,33.703529806446085
1970-05-31,41.154562383612664,,,43.110236220472444,3.2,,,8.799999999999997,21.923076923076923,42.13239930204256,11.307692307692307,29.80251650430246
1970-06-30,39.627906976744185,,,43.13725490196079,3.968253968253968,,,14.285714285714292,22.03065134099617,41.382580939352486,13.428206531654808,30.200831176273418
1970-07-31,38.66171003717472,,,46.09375,5.511811023622047,,,28.346456692913392,31.297709923664126,42.37773001858736,21.718659213399857,34.11410169651236
1970-08-31,42.15413184772516,,,46.10894941634241,7.8125,,,37.5,31.368821292775667,44.13154063203379,25.560440430925222,36.70310055159037
1970-09-30,46.567717996289424,,,46.12403100775194,9.30232558139535,,,58.13953488372093,31.439393939393938,46.34587450202068,32.960418134836736,40.991691955147104
1970-10-31,48.65616311399444,,,47.87644787644788,10.76923076923077,,,66.92307692307693,32.64150943396226,48.26630549522116,36.77793904208999,43.67095891396869
1970-11-30,47.129629629629626,,,47.88461538461539,12.213740458015266,,,93.12977099236642,32.70676691729324,47.5071225071225,46.016759455891645,46.91097728663016
1970-12-31,55.596669750231264,,,47.89272030651341,13.636363636363635,,,98.48484848484848,32.77153558052434,51.744695028372334,48.29758256724549,50.3658500439216
1971-01-31,59.88909426987061,,,50.76335877862596,24.81203007518797,,,99.24812030075188,44.58955223880597,55.326226524248284,56.216567538248604,55.68236292984841
1971-02-28,65.00461680517083,,,50.760456273764255,44.776119402985074,,,99.25373134328358,44.60966542750929,57.88253653946754,62.87983872459265,59.88145741351758
1971-03-31,68.35793357933579,,,50.75757575757576,65.92592592592592,,,98.51851851851852,44.62962962962963,59.55775466845577,69.69135802469135,63.61119601095
1971-04-30,72.16589861751153,,,47.924528301886795,99.26470588235294,,,97.05882352941177,36.90036900369004,60.04521345969916,77.74129947181824,67.1236478645468
1971-05-31,69.15285451197053,,,47.93233082706767,100.0,,,96.35036496350365,36.94852941176471,58.5425926695191,77.76629812508945,66.23207485174724
1971-06-30,65.13339466421343,,,47.940074906367045,100.0,,,95.65217391304348,36.996336996337,56.536734785290236,77.54950363646016,64.9418423257582
1971-07-31,63.51102941176471,,,46.26865671641791,100.0,,,92.80575539568345,34.306569343065696,54.88984306409131,75.7041082462497,63.215549136954664
1971-08-31,59.68778696051423,,,46.28252788104089,99.28571428571429,,,89.28571428571429,34.36363636363636,52.98515742077756,74.31168831168831,61.51576977714186
1971-09-30,63.211009174311926,,,46.2962962962963,100.0,,,78.72340425531915,34.42028985507246,54.753652735304115,71.0478980367972,61.271350855901346
1971-10-31,59.02841429880843,,,47.97047970479705,100.0,,,78.87323943661971,26.353790613718413,53.499447001802736,68.40901001677938,59.463272207793395
1971-11-30,52.83882783882784,,,47.97794117647059,100.0,,,77.62237762237763,26.43884892086331,50.40838450764922,68.02040884774698,57.453194243688316
1971-12-31,60.84172003659653,,2.5,47.985347985347985,100.0,,,91.66666666666667,26.523297491039425,37.10902267398151,72.7299880525687,51.357408825416385
1972-01-31,66.91042047531994,,11.57024793388429,48.54014598540146,100.0,,,95.86206896551724,38.392857142857146,42.34027146486856,78.08497536945812,56.63815302670439
1972-02-29,68.76712328767123,,12.295081967213122,48.54545454545455,97.26027397260275,,,95.89041095890411,38.43416370106761,43.20255326677963,77.19494954419149,56.79951177774437
1972-03-31,71.53284671532847,,13.821138211382106,48.55072463768116,96.5986394557823,,,90.47619047619048,38.47517730496454,44.63490318813058,75.18333574564578,56.854276211136664
1972-04-30,72.3792160437557,,17.74193548387096,45.84837545126354,93.24324324324324,,,85.13513513513513,51.23674911660777,45.32317565963007,76.53837583166205,57.809255728442864
1972-05-31,70.03642987249545,,12.799999999999997,45.86330935251798,91.94630872483222,,,70.46979865771812,51.232394366197184,42.89991307500447,71.21616724958251,54.22641474483569
1972-06-30,69.79071883530482,,14.285714285714292,45.878136200716845,92.66666666666666,,,60.0,51.2280701754386,43.31818977391199,67.96491228070175,53.176878776627895
1972-07-31,68.0,,10.236220472440948,45.357142857142854,94.03973509933775,,,50.331125827814574,50.6993006993007,41.19778777652794,65.02338720881767,50.72802754944383
1972-08-31,72.75204359673025,,23.4375,45.37366548042704,95.39473684210526,,,39.473684210526315,50.696864111498265,47.18773635905243,61.85509505470994,53.05467983731543
1972-09-30,69.60072595281306,,24.031007751937977,45.39007092198582,95.42483660130719,,,46.40522875816993,50.69444444444444,46.34060154224562,64.17483660130718,53.47429556587024
1972-10-31,68.63100634632819,,20.769230769230774,57.59717314487632,97.40259740259741,,,31.16883116883116,55.36332179930796,48.99913675347843,61.31158345691217,53.92411543485193
1972-11-30,75.90579710144928,,22.900763358778633,57.570422535211264,95.48387096774194,,,32.9032258064516,55.344827586206904,52.125660998479724,61.24397478680015,55.77298651380789
1972-12-31,78.09954751131222,,28.787878787878782,57.54385964912281,98.07692307692307,,,26.28205128205127,55.32646048109966,54.81042864943794,59.895144946691325,56.84431516833929
1973-01-31,78.75226039783001,,33.83458646616542,44.40559440559441,94.90445859872611,,,7.643312101910823,60.95890410958904,52.33081375652995,54.50222493674199,53.19937822861476
1973-02-28,71.99638663053297,,24.626865671641795,44.42508710801394,87.9746835443038,,,5.696202531645568,60.92150170648464,47.016113136729565,51.530795927478,48.82198625302894
1973-03-31,67.87003610108303,,21.48148148148148,44.44444444444444,59.74842767295597,,,5.031446540880495,60.8843537414966,44.598654009002985,41.88807598511102,43.5144227994462
1973-04-30,63.11992786293958,,13.235294117647058,39.792387543252595,47.5,,,7.5,54.74576271186441,38.71586984127975,36.5819209039548,37.86229026634977
1973-05-31,57.38738738738739,,10.948905109489047,39.827586206896555,47.20496894409938,,,1.242236024844729,54.729729729729726,36.054626234591,34.39231156622461,35.389700367244444
1973-06-30,53.285328532853285,,5.072463768115938,39.86254295532646,42.592592592592595,,,0.0,54.71380471380471,32.740111752098564,32.435465768799105,32.61825335877878
1973-07-31,54.22661870503597,,23.02158273381295,40.41095890410959,36.19631901840491,,,0.0,61.241610738255034,39.21972011431951,32.47930991888665,36.52355603614637
1973-08-31,49.14645103324349,,3.5714285714285694,40.44368600682594,18.29268292682927,,,0.6097560975609753,61.20401337792642,31.053855203832665,26.70215080077222,29.313173442608488
1973-09-30,50.62836624775583,,0.7092198581560325,40.476190476190474,9.696969696969697,,,0.6060606060606091,61.16666666666667,30.60459219403411,23.82323232323233,27.892048245713397
1973-10-31,54.529147982062774,,0.7042253521126725,29.830508474576273,7.228915662650602,,,1.8072289156626482,44.18604651162791,28.354627269583904,17.74073036331372,24.10906850707583
1973-11-30,43.90681003584229,,0.0,29.898648648648653,6.58682634730539,,,2.3952095808383262,44.205298013245034,24.60181956149698,17.72911131379625,21.852736262416688
1973-12-31,35.810205908683976,,0.0,29.96632996632997,4.761904761904762,,,2.9761904761904816,44.224422442244226,21.92551195833798,17.32083922677982,20.083642865714715
1974-01-31,35.95706618962433,,0.6896551724137936,26.51006711409396,2.366863905325444,,,10.059171597633139,32.401315789473685,21.05226282537736,14.942450430810757,18.608337867550716
1974-02-28,32.707774798927616,,0.0,26.588628762541806,2.3529411764705883,,,17.64705882352942,32.459016393442624,19.76546785382314,17.48633879781421,18.853816231419565
1974-03-31,34.910714285714285,,2.040816326530617,26.666666666666668,4.093567251461988,,,18.128654970760238,32.51633986928105,21.206065759637188,18.246187363834423,20.02211440131608
1974-04-30,30.33006244424621,,0.6756756756756772,21.262458471760798,2.9069767441860463,,,10.465116279069761,57.98045602605863,17.42273219722756,23.784183016438146,19.967312524911797
1974-05-31,26.11408199643494,,0.0,21.357615894039736,0.5780346820809248,,,8.670520231213871,57.95454545454546,15.82389929682489,22.40103345594675,18.454752960473634
1974-06-30,25.200356188780056,,0.0,21.45214521452145,0.5747126436781609,,,9.195402298850581,57.92880258899677,15.550833801100502,22.566305843841835,18.357022618197036
1974-07-31,13.612099644128115,,0.0,9.210526315789473,0.5714285714285714,,,4.0,60.322580645161295,7.607541986639196,21.631336405529954,13.217059754195498
1974-08-31,11.644444444444444,,0.0,9.344262295081968,1.7045454545454544,,,16.477272727272734,60.28938906752411,6.996235579842138,26.1570690831141,14.660568981150924
1974-09-30,8.6145648312611,,0.0,9.477124183006536,1.1299435028248588,,,36.7231638418079,60.256410256410255,6.030563004755879,32.703172533681006,16.69960681632593
1974-10-31,8.873114463176575,,0.0,5.537459283387622,1.6853932584269662,,,91.01123595505618,62.61980830670927,4.803524582188065,51.772145840064134,23.590973085338497
1974-11-30,9.397163120567376,,0.6451612903225765,5.681818181818182,0.5586592178770949,,,97.20670391061452,62.57961783439491,5.241380864236045,53.44832698762884,24.524159313593163
1974-12-31,7.528786536758194,,0.0,5.825242718446602,0.5555555555555556,,,99.44444444444444,62.53968253968254,4.451343085068266,54.17989417989418,24.34276352299863
1975-01-31,9.469026548672566,,0.6369426751592329,20.0,1.6574585635359116,,,99.4475138121547,21.202531645569618,10.0353230746106,40.76916800708674,22.32886104760106
1975-02-28,11.84792219274978,,3.1645569620253156,20.096463022508036,4.945054945054945,,,99.45054945054945,21.293375394321767,11.702980725761044,41.896326596642055,23.78031907411345
1975-03-31,13.427561837455832,,3.773584905660371,20.192307692307693,6.0109289617486334,,,99.4535519125683,21.38364779874214,12.464484811807965,42.28270955768636,24.391774710159325
1975-04-30,13.945278022947926,,5.0,23.322683706070286,11.41304347826087,,,98.91304347826087,4.075235109717868,14.089320576339404,38.13377402207987,23.70710195463559
1975-05-31,16.843033509700174,,5.590062111801245,23.40764331210191,16.756756756756758,,,97.83783783783784,4.21875,15.280246311201111,39.6044481981982,25.009927065999946
1975-06-30,18.06167400881057,,6.172839506172849,23.49206349206349,20.43010752688172,,,96.7741935483871,4.361370716510903,15.90885900234897,40.52189059725991,25.75407164031335
1975-07-31,17.341549295774648,,6.748466257668724,17.72151898734177,22.994652406417114,,,96.2566844919786,0.7763975155279503,13.937178180261716,40.00924480464122,24.366004830013516
1975-08-31,13.10466138962181,,3.6585365853658516,17.823343848580443,34.04255319148936,,,95.2127659574468,0.9287925696594427,11.528847274522702,43.39470390619854,24.27518992719304
1975-09-30,12.56590509666081,,4.242424242424249,17.92452830188679,43.386243386243386,,,93.65079365079364,1.0802469135802468,11.577619213657284,46.03909465020576,25.362209388276675
1975-10-31,14.310798946444251,,3.6144578313252964,21.316614420062695,44.21052631578947,,,93.6842105263158,0.3076923076923077,13.080623732610746,46.06747638326586,26.275364792872793
1975-11-30,14.912280701754385,,5.988023952095816,21.40625,47.64397905759162,,,95.81151832460733,0.4601226993865031,14.102184884616733,47.97187336052849,27.65006027498144
1975-12-31,14.11042944785276,,3.5714285714285694,21.49532710280374,52.604166666666664,,,94.79166666666667,0.6116207951070336,13.059061707361687,49.33581804281346,27.569764241542394
1976-01-31,20.40280210157618,,7.692307692307693,25.465838509316768,74.09326424870466,,,95.85492227979275,0.3048780487804878,17.853649434400214,56.75102152575929,33.412598270943846
1976-02-29,24.234470691163605,,9.411764705882348,25.541795665634677,87.62886597938144,,,94.3298969072165,0.4559270516717325,19.729343687560213,60.80489664608988,36.15956487097208
1976-03-31,24.65034965034965,,8.771929824561411,25.617283950617285,86.15384615384616,,,91.7948717948718,0.6060606060606061,19.679854475176118,59.51825951825952,35.61521649240948
1976-04-30,25.065502183406114,,10.465116279069761,25.23076923076923,87.75510204081633,,,91.3265306122449,1.2084592145015105,20.253795897748365,60.096697289187574,36.19095645432405
1976-05-31,23.647469458987782,,12.71676300578035,25.306748466257666,79.69543147208121,,,88.83248730964468,1.355421686746988,20.556993643675266,56.62778015615762,34.98530824866821
1976-06-30,23.801220575414124,,9.770114942528735,25.382262996941897,56.060606060606055,,,88.38383838383838,1.5015015015015014,19.651199504961586,48.648648648648646,31.25017916243641
1976-07-31,25.958188153310104,,13.714285714285708,24.085365853658537,55.27638190954774,,,88.44221105527637,4.790419161676647,21.252613240418118,49.503004042166914,32.552769561117636
1976-08-31,24.456048738033072,,8.522727272727266,24.164133738601823,57.49999999999999,,,89.5,4.925373134328359,19.04763658312072,50.64179104477612,31.685298367782885
1976-09-30,26.347826086956523,,9.03954802259888,24.242424242424242,69.65174129353234,,,90.04975124378109,5.059523809523809,19.87659945065988,54.92033878227907,33.894095183307556
1976-10-31,21.198957428323197,,5.617977528089895,23.867069486404834,85.14851485148515,,,91.08910891089108,7.418397626112759,16.894668147605973,61.218673796162996,34.62427040702878
1976-11-30,20.399305555555554,,3.351955307262571,23.94578313253012,89.16256157635468,,,90.14778325123153,7.544378698224852,15.899014665116082,62.28490784193702,34.45337193584446
1976-12-31,24.45793581960104,,4.444444444444443,24.024024024024023,90.68627450980392,,,91.66666666666667,7.669616519174041,17.642134762689835,63.34085256521488,35.921621883699856
1977-01-31,22.357019064124785,,5.524861878453038,16.766467065868262,89.26829268292683,,,93.17073170731707,19.264705882352942,14.882782669482028,67.23457675753228,35.82350030470213
1977-02-28,18.26839826839827,,4.945054945054949,16.865671641791042,82.03883495145631,,,94.66019417475728,19.35483870967742,13.35970828508142,65.35128927863033,34.15634068250098
1977-03-31,17.387543252595155,,3.278688524590166,16.964285714285715,74.39613526570048,,,95.65217391304348,19.444444444444446,12.543505830490346,63.16425120772948,32.791803981385996
1977-04-30,15.730337078651685,,3.2608695652173907,16.61721068249258,57.21153846153846,,,95.67307692307692,47.95918367346938,11.869472442120554,66.94793301936159,33.90085667301697
1977-05-31,15.3713298791019,,2.7027027027026946,16.715976331360945,55.02392344497608,,,88.51674641148325,47.96511627906977,11.596669637721845,63.835262045176364,32.49210660070365
1977-06-30,15.271786022433131,,2.688172043010752,16.8141592920354,63.33333333333333,,,90.47619047619048,47.971014492753625,11.591372452493095,67.26017943409248,33.85889524513285
1977-07-31,15.60344827586207,,3.2085561497326154,12.352941176470589,62.08530805687204,,,90.99526066350711,60.54913294797688,10.388315200688425,71.20990055611868,34.71694934286053
1977-08-31,13.867355727820843,,2.1276595744680833,12.463343108504398,53.77358490566038,,,83.49056603773585,60.51873198847262,9.486119470264441,65.92762764395628,32.06272273974118
1977-09-30,12.822719449225472,,1.5873015873015959,12.573099415204677,51.173708920187785,,,80.75117370892019,60.48850574712644,8.99437348391058,64.13779612541147,31.051742540510936
1977-10-31,11.607910576096304,,1.05263157894737,8.16326530612245,45.794392523364486,,,78.50467289719626,69.48424068767909,6.941269153722041,64.59443536941328,30.002535639998538
1977-11-30,11.597938144329897,,1.0471204188481664,8.284883720930232,40.0,,,78.6046511627907,69.42857142857143,6.976647428036098,62.67774086378737,29.257084802336607
1977-12-31,11.244635193133048,,2.083333333333343,8.405797101449275,37.03703703703704,,,77.77777777777777,69.37321937321937,7.244588542638556,61.396011396011396,28.905157683987696
1978-01-31,10.034305317324185,,0.5181347150259086,4.913294797687861,31.336405529953915,,,76.95852534562212,65.48295454545455,5.155244943345985,57.9259618070102,26.26353168881167
1978-02-28,9.682947729220222,,0.5154639175257785,5.043227665706052,31.19266055045872,,,73.39449541284404,65.43909348441926,5.080546437484018,56.67541648257401,25.718494455520016
1978-03-31,9.332191780821917,,0.512820512820511,5.172413793103448,28.31050228310502,,,74.88584474885845,65.3954802259887,5.005808695581959,56.19727575265072,25.482395518409465
1978-04-30,10.26518391787853,,2.551020408163268,8.022922636103152,24.545454545454547,,,75.45454545454545,61.12676056338028,6.946375654048317,53.70892018779343,25.651393467546363
1978-05-31,11.367521367521368,,7.614213197969548,8.142857142857144,21.71945701357466,,,70.58823529411765,61.09550561797753,9.041530569449355,51.13439930855662,25.878678065092263
1978-06-30,10.930828351836038,,8.080808080808083,8.262108262108262,18.01801801801802,,,61.26126126126126,61.06442577030813,9.091248231584126,46.78123501652914,24.167242945562133
1978-07-31,10.750853242320819,,7.035175879396988,8.806818181818182,16.143497757847534,,,56.50224215246637,62.709497206703915,8.864282434511997,45.11841237233927,23.365934409642907
1978-08-31,13.384484228473998,,10.0,8.923512747875353,15.178571428571427,,,52.67857142857143,62.67409470752089,10.769332325449783,43.51041252155458,23.865764403891703
1978-09-30,13.1175468483816,,10.945273631840791,9.03954802259887,14.666666666666666,,,43.111111111111114,62.638888888888886,11.034122834273754,40.138888888888886,22.676029256119804
1978-10-31,10.97872340425532,,9.900990099009903,2.535211267605634,12.831858407079647,,,33.1858407079646,32.686980609418285,7.804974923623618,26.234893241487512,15.176942250769176
1978-11-30,9.183673469387756,,1.970443349753694,2.6685393258426964,12.77533039647577,,,23.788546255506603,32.73480662983425,4.607552048328048,23.099561093938874,12.004355666572378
1978-12-31,9.685641461342396,,6.862745098039213,2.801120448179272,11.842105263157894,,,13.157894736842096,32.78236914600551,6.44983566918696,19.260789715335164,11.574217287646242
1979-01-31,10.35653650254669,,7.317073170731703,5.58659217877095,11.353711790393014,,,12.227074235807862,20.87912087912088,7.75340061734978,14.819968968440586,10.580027957786102
1979-02-28,9.669211195928753,,5.3398058252427205,5.710306406685237,9.565217391304348,,,12.173913043478251,20.958904109589042,6.906441142618903,14.232678181457212,9.836935958154227
1979-03-31,10.084745762711865,,5.79710144927536,5.833333333333333,9.523809523809524,,,12.55411255411255,21.03825136612022,7.238393515106853,14.372057814680765,10.091859234936418
1979-04-30,10.330228619813717,,9.615384615384613,2.4930747922437675,10.344827586206897,,,18.534482758620683,29.70027247956403,7.479562675814033,19.526527608130536,12.298348648740635
1979-05-31,8.79864636209814,,0.956937799043061,2.6243093922651934,9.012875536480687,,,20.600858369098717,29.7554347826087,4.126631184468798,19.7897228960627,10.39186786910636
1979-06-30,8.960270498732037,,0.4761904761904816,2.7548209366391188,8.547008547008547,,,19.230769230769226,29.81029810298103,4.063760637187213,19.196025293586267,10.116666499746835
1979-07-31,8.868243243243242,,0.9478672985782026,4.1208791208791204,9.361702127659575,,,14.042553191489361,40.0,4.645663220900189,21.134751773049647,11.241298641759972
1979-08-31,10.464135021097047,,5.188679245283026,4.2465753424657535,8.47457627118644,,,11.01694915254238,40.02695417789757,6.633129869615275,19.839493200542133,11.91567520198602
1979-09-30,10.370994940978077,,6.572769953051633,4.371584699453552,6.751054852320674,,,9.704641350210977,40.053763440860216,7.105116531161088,18.83648654779729,11.79766453781557
1979-10-31,8.340353833192923,,16.35514018691589,4.087193460490464,5.042016806722689,,,1.260504201680675,56.56836461126006,9.594229160199758,20.956961873221143,14.139322245408312
1979-11-30,7.912457912457913,,9.302325581395351,4.211956521739131,4.602510460251046,,,1.6736401673640273,56.55080213903744,7.1422466718641315,20.94231758888417,12.662275038672147
1979-12-31,8.578637510513037,,12.962962962962962,4.336043360433604,4.166666666666666,,,1.6666666666666714,56.53333333333334,8.625881277969867,20.78888888888889,13.491084322337478
1980-01-31,9.159663865546218,,19.815668202764982,0.2702702702702703,2.904564315352697,,,2.0746887966805048,85.63829787234043,9.74853411286049,30.205850328124544,17.93146059896611
1980-02-29,10.411418975650713,,30.733944954128447,0.40431266846361186,3.3057851239669422,,,3.719008264462815,85.54376657824933,13.849892199414256,30.856186655559696,20.65240998187243
1980-03-31,6.795302013422819,,20.54794520547945,0.5376344086021506,0.823045267489712,,,0.0,85.44973544973546,9.293627209168141,28.757593572408393,17.07921375446424
1980-04-30,5.86756077116513,,0.45454545454545325,4.021447721179625,0.4098360655737705,,,0.0,27.572559366754618,3.447851315630069,9.327465144109462,5.799696847021826
1980-05-31,7.035175879396985,,0.0,4.144385026737968,0.8163265306122449,,,34.69387755102041,27.631578947368425,3.726520302044984,21.047261009667025,10.6548165850938
1980-06-30,8.117154811715482,,1.8018018018018012,4.266666666666667,1.2195121951219512,,,76.01626016260163,27.69028871391076,4.72854109339465,34.97535369054478,16.827266132254703
1980-07-31,9.698996655518394,,15.246636771300444,13.829787234042554,6.0728744939271255,,,82.18623481781377,22.25130890052356,12.925140220287131,36.83680607075482,22.489806560474207
1980-08-31,11.027568922305765,,22.76785714285714,13.925729442970821,7.258064516129033,,,77.41935483870968,22.323759791122715,15.907051836044573,35.66705971532048,23.811054987754936
1980-09-30,11.686143572621036,,26.22222222222223,14.02116402116402,8.433734939759036,,,57.028112449799195,22.395833333333336,17.30984327200243,29.285893574297187,22.100263392920333
1980-10-31,12.343619683069225,,32.743362831858406,18.46965699208443,9.2,,,17.200000000000003,23.636363636363637,21.185546502337353,16.67878787878788,19.382843052917565
1980-11-30,13.5,,33.48017621145375,18.552631578947366,11.553784860557768,,,2.390438247011957,23.704663212435236,21.84426926346704,12.549628773334987,18.12641306741422
1980-12-31,12.406328059950042,,32.45614035087719,18.635170603674542,11.507936507936508,,,0.0,23.772609819121445,21.16587967150059,11.760182109019318,17.40360064650808
1981-01-31,11.813643926788686,,32.75109170305677,15.968586387434556,14.229249011857709,,,0.0,8.762886597938143,20.177774005760003,7.664045203265284,15.172282484762116
1981-02-28,9.39318370739817,,33.47826086956522,16.057441253263708,16.535433070866144,,,2.3622047244094517,8.868894601542417,19.642961943409034,9.255510798939339,15.487981485621155
1981-03-31,11.212624584717608,,33.33333333333334,16.145833333333336,20.784313725490197,,,4.313725490196077,8.974358974358974,20.230597083794763,11.357466063348417,16.681344675616224
1981-04-30,11.28630705394191,,35.77586206896551,12.727272727272727,26.953125,,,1.953125,12.531969309462914,19.929813950060048,13.812739769820972,17.48298427796442
1981-05-31,9.286898839137644,,33.047210300429185,12.823834196891193,26.848249027237355,,,0.0,12.627551020408163,18.385981112152674,13.15860001588184,16.29502867364434
1981-06-30,9.1963545981773,,34.61538461538461,12.919896640826872,25.1937984496124,,,0.0,12.72264631043257,18.91054528479626,12.638814920014989,16.40185313888375
1981-07-31,7.698675496688742,,35.31914893617021,0.25773195876288657,20.077220077220076,,,0.0,6.345177664974619,14.425185463873946,8.807465914064899,12.178097643950327
1981-08-31,7.526881720430108,,37.28813559322034,0.3856041131105398,18.846153846153847,,,1.923076923076934,6.455696202531645,15.066873808920327,9.074975657254141,12.670114548253853
1981-09-30,5.371900826446281,,33.755274261603375,0.5128205128205128,18.39080459770115,,,3.0651340996168557,6.565656565656567,13.213331866956722,9.340531754324857,11.664211821903976
1981-10-31,5.697770437654831,,24.369747899159663,1.7902813299232736,21.374045801526716,,,3.4351145038167914,4.785894206549118,10.619266555579257,9.865018170630876,10.317567201599905
1981-11-30,5.858085808580858,,14.225941422594147,1.913265306122449,25.09505703422053,,,8.365019011406844,4.899497487437186,7.332430845765818,12.78652451102152,9.5140683118681
1981-12-31,6.018136850783183,,21.25,2.035623409669211,30.681818181818183,,,10.606060606060609,5.012531328320802,9.767920086817464,15.4334700387332,12.03414006758376
1982-01-31,5.107084019769357,,18.257261410788388,0.25380710659898476,37.35849056603773,,,6.7924528301886795,13.375,7.872717512385576,19.175314465408803,12.393756293594867
1982-02-28,4.691358024691358,,11.983471074380176,0.37974683544303794,38.34586466165413,,,3.0075187969924855,13.466334164588527,5.68485864483819,18.27323920774505,10.720210870000935
1982-03-31,4.5230263157894735,,6.584362139917701,0.5050505050505051,40.074906367041194,,,2.9962546816479403,13.557213930348258,3.8708129869192263,18.876124993012464,9.872937789356522
1982-04-30,4.930156121610517,,12.704918032786878,0.2518891687657431,39.17910447761194,,,2.611940298507463,18.11414392059553,5.962321107721046,19.968396232238312,11.564751157527953
1982-05-31,4.926108374384237,,5.714285714285722,0.37688442211055273,39.405204460966544,,,2.973977695167278,18.193069306930692,3.6724261702601706,20.190750487688174,10.279755897231372
1982-06-30,4.1017227235438884,,3.2520325203252014,0.5012531328320802,39.25925925925926,,,4.444444444444443,18.271604938271604,2.6183361255670565,20.658436213991767,9.834376160936941
1982-07-31,4.016393442622951,,0.0,1.7500000000000002,41.69741697416974,,,8.118081180811814,50.49261083743842,1.9221311475409835,33.43603633080666,14.527693220847254
1982-08-31,4.095004095004095,,0.0,1.8703241895261846,44.85294117647059,,,20.220588235294116,50.4914004914005,1.9884427615100932,38.521643301055065,16.601722977328084
1982-09-30,5.728314238952537,,0.40160642570282334,1.9900497512437811,51.64835164835166,,,15.384615384615387,50.49019607843137,2.7066568052997138,39.17438770379947,17.293749164699616
1982-10-31,7.358953393295176,,0.7999999999999972,6.699751861042183,49.63503649635037,,,20.802919708029194,74.69437652811736,4.952901751445785,48.377444244165645,22.32271874853373
1982-11-30,8.49673202614379,,1.5936254980079667,6.806930693069307,52.0,,,22.909090909090907,74.63414634146342,5.632429405740354,49.84774575018478,23.318555943518124
1982-12-31,9.142857142857142,,1.5873015873015959,6.91358024691358,55.434782608695656,,,25.362318840579718,74.5742092457421,5.881246325690772,51.79043689833916,24.24492255475013
1983-01-31,10.60358890701468,,6.324110671936751,17.980295566502463,84.47653429602889,,,34.657039711191345,56.310679611650485,11.635998381817965,58.48141787295691,30.374166178273548
1983-02-28,11.65444172779136,,4.330708661417333,18.05896805896806,94.96402877697841,,,37.410071942446045,56.295399515738495,11.348039482725584,62.889833411720986,31.964757054323744
1983-03-31,13.762214983713356,,12.941176470588232,18.137254901960784,96.05734767025089,,,24.01433691756273,56.28019323671497,14.946882118754123,58.783959274842864,32.481712981189624
1983-04-30,14.890154597233524,,12.890625,27.139364303178482,92.85714285714286,,,21.785714285714292,54.81927710843374,18.30671463347067,56.48737808376362,33.57898001358785
1983-05-31,16.910569105691057,,23.735408560311285,27.195121951219512,95.01779359430606,,,20.640569395017792,54.807692307692314,22.613699872407285,56.82201843233872,36.297027296379866
1983-06-30,17.465475223395615,,25.968992248062023,27.25060827250608,99.29078014184397,,,18.439716312056746,54.79616306954437,23.561691914654574,57.50888650781503,37.140569751918754
1983-07-31,17.532467532467532,,32.818532818532816,25.485436893203882,100.0,,,13.780918727915193,49.40191387559808,25.278812414734745,54.394277534504425,36.92499846264262
1983-08-31,15.97729115977291,,33.846153846153854,25.544794188861985,98.59154929577466,,,13.380281690140848,49.40334128878281,25.122746398262915,53.7917240915661,36.59033747558419
1983-09-30,17.3419773095624,,31.034482758620683,25.60386473429952,96.14035087719299,,,14.736842105263165,49.404761904761905,24.6601082674942,53.427318295739354,36.166992278792264
1983-10-31,17.65182186234818,,35.877862595419856,19.759036144578314,97.55244755244755,,,11.538461538461547,38.71733966745843,24.42957353411545,49.26941625278918,34.36551062158494
1983-11-30,16.90938511326861,,32.69961977186313,19.831730769230766,92.33449477351915,,,11.149825783972119,38.74407582938388,23.1469118847875,47.40946546229171,32.85193331578918
1983-12-31,16.814874696847212,,35.984848484848484,19.904076738609113,87.15277777777779,,,10.416666666666657,38.77068557919622,24.23459997343494,45.44671000788022,32.719443987213054
1984-01-31,17.12439418416801,,35.47169811320755,14.832535885167463,53.63321799307958,,,8.650519031141869,38.79716981132076,22.47620939418101,33.693635611847405,26.96317988124757
1984-02-29,14.124293785310735,,32.70676691729322,14.916467780429594,45.51724137931035,,,10.0,38.82352941176471,20.582509494344517,31.44692359702502,24.92827513541672
1984-03-31,14.193548387096774,,40.823970037453186,15.0,42.955326460481096,,,9.965635738831608,38.84976525821596,23.33917280818332,30.59024248584289,26.239600679247147
1984-04-30,14.101531023368253,,42.16417910447762,6.413301662707839,46.57534246575342,,,8.561643835616437,55.73770491803278,20.89300393018457,36.95823040646755,27.31909452069776
1984-05-31,13.526570048309178,,45.353159851301115,6.516587677725119,47.781569965870304,,,9.215017064846421,55.72429906542056,21.79877252577847,37.57362869871243,28.108714994952056
1984-06-30,12.228479485116653,,44.44444444444444,6.619385342789598,47.61904761904761,,,5.102040816326522,55.71095571095571,21.097436424116896,36.144014715443284,27.116067740647452
1984-07-31,11.254019292604502,,40.59040590405905,13.20754716981132,45.08474576271186,,,4.7457627118644155,57.7906976744186,21.683990788824957,35.87373538299829,27.35988862649429
1984-08-31,15.903614457831324,,43.75,13.294117647058822,43.91891891891892,,,4.054054054054063,57.772621809744784,24.31591070163005,35.24853159423926,28.68895905867373
1984-09-30,16.211878009630816,,43.58974358974359,13.380281690140844,46.12794612794613,,,4.71380471380472,57.754629629629626,24.393967763171748,36.19879349046016,29.11589805408711
1984-10-31,15.477145148356056,,39.78102189781022,10.53864168618267,44.966442953020135,,,8.389261744966447,88.91454965357968,21.93226957744965,47.42341811718876,32.12872899334529
1984-11-30,16.346153846153847,,39.27272727272727,10.630841121495326,50.16722408026756,,,10.702341137123753,88.82488479262672,22.083240746792146,49.898150003339346,33.209204449411025
1984-12-31,15.452361889511609,,38.76811594202898,10.722610722610723,52.666666666666664,,,19.333333333333343,88.73563218390804,21.647696184717102,53.57854406130267,34.42003533535133
1985-01-31,18.240000000000002,,39.71119133574007,21.16279069767442,58.80398671096345,,,22.9235880398671,97.24770642201835,26.371327344471496,59.6584270576163,39.68616722972942
1985-02-28,21.183053557154278,,46.402877697841724,21.229698375870072,57.94701986754966,,,19.5364238410596,97.1395881006865,29.605209876955357,58.20767726976525,41.04619683407931
1985-03-31,20.60702875399361,,44.44444444444444,21.296296296296298,56.43564356435643,,,17.491749174917487,97.03196347031964,28.78258983157812,56.98645206986453,40.06413472689268
1985-04-30,20.670391061452513,,43.214285714285715,25.17321016166282,54.60526315789473,,,17.43421052631578,98.63325740318906,29.685962312467016,56.890910362466535,40.567941532466826
1985-05-31,22.00956937799043,,36.654804270462634,25.23041474654378,55.08196721311476,,,23.60655737704917,98.52272727272727,27.96492946499895,59.07041728763039,40.407124594051524
1985-06-30,23.426294820717132,,37.5886524822695,25.287356321839084,57.84313725490197,,,27.450980392156865,98.4126984126984,28.767434541608576,61.23560535325242,41.754702866266115
1985-07-31,24.761146496815286,,43.46289752650176,18.807339449541285,62.21498371335505,,,24.429967426710093,98.98190045248869,29.010461157619446,61.87561719751795,42.156523573578845
1985-08-31,22.911694510739856,,39.08450704225353,18.87871853546911,69.15584415584416,,,25.974025974025977,98.87133182844244,26.958306696154164,64.66706731943752,42.0418109454675
1985-09-30,20.985691573926868,,36.49122807017544,18.949771689497716,67.96116504854369,,,26.53721682847896,98.76126126126125,25.47556377786667,64.41988104609463,41.053290685157855
1985-10-31,21.842732327243844,,33.91608391608392,29.38496583143508,64.19354838709678,,,24.83870967741936,100.0,28.381260691587613,63.010752688172055,42.23305749022139
1985-11-30,26.58730158730159,,36.58536585365854,29.43181818181818,56.59163987138264,,,24.758842443729904,99.88789237668162,30.86816187425943,60.412791563931385,42.68601375012821
1985-12-31,31.800158604282313,,32.638888888888886,29.47845804988662,50.32051282051282,,,18.91025641025641,99.77628635346755,31.305835181019273,56.335685194745594,41.317775186509806
1986-01-31,32.17115689381934,,35.640138408304495,34.38914027149321,42.49201277955272,,,22.04472843450479,99.33035714285714,34.066811857872345,54.62236611897155,42.28903356231203
1986-02-28,37.37133808392716,,28.275862068965523,34.42437923250564,45.22292993630573,,,22.29299363057325,99.22048997772829,33.35719312846611,55.57880451486909,42.245837683027304
1986-03-31,41.93037974683544,,27.147766323024058,34.45945945945946,55.23809523809524,,,26.34920634920634,99.11111111111111,34.512535176439656,60.232804232804234,44.80064279898549
1986-04-30,43.873517786561266,,29.45205479452055,38.20224719101123,66.13924050632912,,,31.64556962025317,99.33481152993349,37.17593992403101,65.70654055217193,48.58818017528738
1986-05-31,43.99684044233807,,42.66211604095563,38.228699551569505,73.50157728706624,,,30.283911671924287,99.22566371681415,41.629218678287735,67.67038422526822,52.04568489707993
1986-06-30,46.72454617205998,,31.632653061224488,38.25503355704698,68.55345911949685,,,29.874213836477992,99.11699779249447,38.87074426344381,65.84822358282311,49.66173599119553
1986-07-31,44.164037854889585,,30.847457627118644,31.473214285714285,72.72727272727273,,,33.542319749216304,99.66960352422907,35.4949032559075,68.64639866690604,48.75550142030691
1986-08-31,46.729708431836094,,27.702702702702695,31.514476614699333,78.4375,,,35.9375,99.56043956043956,35.315629249746046,71.31181318681318,49.714102824572905
1986-09-30,43.07086614173228,,31.649831649831654,31.555555555555554,81.30841121495327,,,44.54828660436137,99.4517543859649,35.42541778237317,75.10281740175985,51.296377630127836
1986-10-31,42.87962234461054,,29.530201342281885,37.028824833702885,86.33540372670807,,,46.58385093167702,98.6870897155361,36.479549506865105,77.20211479130707,52.7685756206419
1986-11-30,46.69811320754717,,31.43812709030101,37.057522123893804,88.85448916408669,,,44.582043343653254,98.58078602620087,38.39792080724733,77.33910617798027,53.974394955540504
1986-12-31,48.075412411626075,,37.33333333333333,37.086092715231786,89.81481481481481,,,27.777777777777786,98.47494553376906,40.83161282006373,72.02251270878722,53.307972775553125
1987-01-31,52.51177394034537,,42.524916943521596,46.47577092511013,90.15384615384615,,,28.615384615384613,98.04347826086956,47.170820602992364,72.27090301003345,57.210853565808804
1987-02-28,59.92156862745098,,46.026490066225165,46.48351648351648,85.88957055214725,,,32.515337423312886,97.93926247288503,50.81052505906421,72.11472348278171,59.33220442855121
1987-03-31,64.0282131661442,,49.504950495049506,46.49122807017544,60.85626911314985,,,31.804281345565755,97.83549783549783,53.341463910456376,63.498682764737815,57.40435145216895
1987-04-30,62.72513703993735,,52.631578947368425,47.4835886214442,49.08536585365854,,,32.3170731707317,97.40820734341253,54.280101536249994,59.60354878926759,56.409480437457034
1987-05-31,62.05007824726134,,53.114754098360656,47.48908296943232,45.2887537993921,,,27.659574468085097,97.30603448275862,54.217971771684766,56.75145425007861,55.23136476304231
1987-06-30,67.70914777169665,,53.26797385620915,47.49455337690632,36.06060606060606,,,28.484848484848484,97.20430107526882,56.15722500160404,53.91658520690779,55.26096908372554
1987-07-31,71.640625,,54.071661237785015,47.82608695652174,29.607250755287005,,,30.815709969788514,93.56223175965665,57.846124398102255,51.328397494910725,55.23903363682564
1987-08-31,79.5472287275566,,60.714285714285715,47.83080260303688,25.602409638554217,,,30.12048192771084,93.46895074946467,62.697439014959734,49.73061410524324,57.510709051073135
1987-09-30,74.49297971918877,,66.66666666666667,47.83549783549784,24.024024024024023,,,26.726726726726724,93.37606837606837,62.99838140711776,48.042273042273045,57.01593806117988
1987-10-31,57.28760717069369,,52.58064516129032,33.477321814254864,23.053892215568865,,,26.946107784431135,84.32835820895522,47.781858048746294,44.776119402985074,46.57956259044181
1987-11-30,43.613707165109034,,50.160771704180064,33.512931034482754,21.19402985074627,,,36.11940298507462,84.25531914893617,42.42913663459061,47.18958399491902,44.33331557872198
1987-12-31,42.33463035019455,,49.03846153846154,33.5483870967742,19.940476190476193,,,36.30952380952381,84.18259023354565,41.64049299514343,46.810863411181884,43.708641161558816
1988-01-31,46.65629860031104,,46.96485623003195,38.412017167381975,21.364985163204746,,,40.059347181008896,85.38135593220339,44.011057332574985,48.935229425472336,45.98072616973393
1988-02-29,48.64024864024864,,48.089171974522294,38.436830835117775,24.85207100591716,,,46.15384615384615,85.30655391120507,45.0554171499629,52.104157023656136,47.87491309944019
1988-03-31,50.69875776397515,,52.06349206349206,38.46153846153847,27.728613569321535,,,48.37758112094396,85.23206751054853,47.07459609633523,53.779420733604674,49.756525951243006
1988-04-30,49.418153607447636,,52.53164556962025,41.36460554371002,28.52941176470588,,,43.8235294117647,76.0,47.7714682402593,49.45098039215686,48.44327310101833
1988-05-31,47.51937984496124,,53.31230283911672,41.38297872340426,30.498533724340177,,,39.882697947214076,75.9453781512605,47.40488713582741,48.77553660760492,47.953146924538416
1988-06-30,51.35553834237025,,53.459119496855344,41.40127388535032,32.45614035087719,,,34.210526315789465,75.8909853249476,48.73864390819197,47.51921733053808,48.25087327713041
1988-07-31,50.30959752321982,,54.23197492163009,37.28813559322034,32.36151603498542,,,31.778425655976676,61.08786610878661,47.27656934602342,41.74260259991624,45.06298264758055
1988-08-31,48.182521268368134,,54.0625,37.315010570824526,31.3953488372093,,,27.03488372093024,61.06471816283925,46.52001061306422,39.83165024032626,43.844666463969034
1988-09-30,49.1499227202473,,52.64797507788162,37.34177215189873,29.565217391304348,,,26.956521739130437,61.04166666666667,46.379889983342544,39.18780193236715,43.50305476295239
1988-10-31,51.737451737451735,,52.79503105590062,38.94736842105263,26.878612716763005,,,23.988439306358373,61.018711018711016,47.82661707146833,37.295254347277464,43.61407198179198
1988-11-30,49.382716049382715,,54.48916408668731,38.970588235294116,30.25936599423631,,,24.783861671469737,60.99585062240664,47.61415612378804,38.67969276270423,44.04037077935452
1988-12-31,50.88666152659984,,55.24691358024691,38.9937106918239,29.597701149425287,,,20.977011494252878,60.97308488612836,48.375761932890214,37.182599176602174,43.898496830374995
1989-01-31,54.16024653312789,,56.30769230769231,38.07531380753138,24.355300859598856,,,15.186246418338115,37.70661157024794,49.51441754945052,25.749386282728306,40.00840504276164
1989-02-28,57.12086220169361,,60.42944785276074,38.10020876826722,20.57142857142857,,,14.285714285714292,37.7319587628866,51.88350627424052,24.196367206676484,40.808650647214904
1989-03-31,55.61538461538461,,59.9388379204893,38.125,17.663817663817664,,,11.680911680911677,37.757201646090536,51.22640751195797,22.367310330273295,39.6827686392841
1989-04-30,58.4934665641814,,59.146341463414636,43.45114345114345,15.909090909090908,,,11.079545454545453,26.69404517453799,53.6969838262465,17.89422717939145,39.37588116750448
1989-05-31,62.21198156682027,,57.4468085106383,43.46473029045643,13.881019830028329,,,11.048158640226617,26.741803278688526,54.374506789305,17.223660582981157,39.51416830677546
1989-06-30,66.07828089025325,,55.75757575757576,43.47826086956522,15.254237288135593,,,12.146892655367239,26.789366053169733,55.10470583913141,18.06349866555752,40.288222969701856
1989-07-31,69.1717791411043,,55.28700906344411,47.93388429752066,16.901408450704224,,,12.957746478873247,16.122448979591837,57.46422416735635,15.327201303056436,40.60941502163638
1989-08-31,75.24904214559388,,64.45783132530121,47.93814432989691,21.34831460674157,,,13.764044943820224,16.191446028513237,62.54833926693067,17.101268526358343,44.36951097070174
1989-09-30,75.11485451761104,,66.96696696696696,47.94238683127572,23.249299719887954,,,12.60504201680672,16.260162601626014,63.34140277195124,17.371501446106898,44.9534422416135
1989-10-31,74.36878347360367,,60.17964071856288,50.10266940451745,24.860335195530723,,,13.966480446927378,14.807302231237324,61.550364532228,17.878039291231808,44.08143443582952
1989-11-30,71.10091743119266,,57.91044776119403,50.10245901639344,25.348189415041784,,,15.32033426183844,14.878542510121456,59.70460806959337,18.515688729000562,43.229040333356245
1989-12-31,74.48433919022153,,63.98809523809524,50.10224948875256,27.77777777777778,,,15.833333333333329,14.949494949494948,62.858227972356445,19.520202020202017,45.52301759149468
1990-01-31,69.46564885496184,,69.43620178041543,46.12244897959184,26.59279778393352,,,16.343490304709135,26.209677419354836,61.67476653832304,23.048655169332495,46.22432199072682
1990-02-28,64.45461479786422,,68.93491124260355,46.13034623217923,28.176795580110497,,,18.232044198895025,26.25754527162978,59.83995742421567,24.222128350211765,45.5928257946141
1990-03-31,67.60670731707317,,76.10619469026548,46.138211382113816,30.02754820936639,,,20.385674931129472,26.305220883534137,63.28370446315082,25.572814674676664,48.199348547761154
1990-04-30,67.32673267326733,,83.82352941176471,50.709939148073026,35.16483516483517,,,20.05494505494505,16.733466933867735,67.28673374436836,23.98441571788265,49.96580653377408
1990-05-31,72.45053272450532,,79.47214076246334,50.708502024291505,36.16438356164384,,,22.465753424657535,16.8,67.54372517042006,25.143378995433793,50.583586700425556
1990-06-30,76.19771863117872,,80.4093567251462,50.70707070707071,32.78688524590164,,,23.224043715847003,16.86626746506986,69.10471535446521,24.2923988089395,51.17978873625493
1990-07-31,75.45592705167174,,78.134110787172,36.693548387096776,27.247956403269757,,,25.06811989100818,16.93227091633466,63.4278620753135,23.082782403537532,47.28983020660311
1990-08-31,61.5793470007593,,76.45348837209302,36.72032193158954,21.73913043478261,,,30.16304347826086,16.998011928429424,58.25105243481395,22.966728613824298,44.137322906418085
1990-09-30,55.08345978755691,,69.85507246376811,36.74698795180723,18.97018970189702,,,29.268292682926827,17.063492063492063,53.89517340104408,21.767324816105305,41.04403396706857
1990-10-31,51.1751326762699,,63.58381502890174,45.89178356713427,15.945945945945947,,,30.270270270270274,11.485148514851486,53.550243757435304,19.233788243689236,39.82366155193688
1990-11-30,54.24242424242425,,61.09510086455332,45.9,14.824797843665769,,,32.61455525606469,11.561264822134387,53.745841702325855,19.666872640621616,40.11425407764416
1990-12-31,59.72747918243755,,64.08045977011494,45.90818363273453,13.172043010752688,,,38.17204301075269,11.637080867850099,56.57204086176234,20.993722296451825,42.340713435638136
1991-01-31,57.48865355521936,,61.891117478510026,53.38645418326693,16.0857908847185,,,50.402144772117964,7.283464566929133,57.58874173899877,24.5904667412552,44.38943173990134
1991-02-28,71.95767195767195,,75.71428571428572,53.37972166998012,18.181818181818183,,,54.27807486631016,7.367387033398821,67.0172264473126,26.60909336050906,50.85397321259118
1991-03-31,76.28398791540786,,79.2022792022792,53.37301587301587,21.066666666666666,,,53.86666666666667,7.450980392156863,69.61976099690098,27.461437908496734,52.75643176153928
1991-04-30,79.24528301886792,,82.10227272727272,52.475247524752476,20.74468085106383,,,53.98936170212766,8.708414872798434,71.27426775696438,27.814152475329973,53.890221644310614
1991-05-31,78.05429864253394,,83.85269121813032,52.4703557312253,21.750663129973475,,,56.763925729442974,8.7890625,71.45911519729651,29.101217119805483,54.5159559663001
1991-06-30,77.92012057272042,,88.4180790960452,52.46548323471401,23.28042328042328,,,53.7037037037037,8.869395711500974,72.93456096782656,28.617840898542653,55.20787294011299
1991-07-31,78.91566265060241,,89.29577464788733,55.118110236220474,23.7467018469657,,,54.617414248021106,5.447470817120623,74.44318251157007,27.93719563736914,55.8407877618897
1991-08-31,81.41459744168547,,86.23595505617978,55.10805500982319,23.684210526315788,,,54.73684210526316,5.533980582524272,74.25286916922948,27.98501107136774,55.74572593008479
1991-09-30,80.37593984962406,,77.3109243697479,55.09803921568628,23.88451443569554,,,58.00524934383202,5.62015503875969,70.9283011450194,29.169972939429083,54.22496986278327
1991-10-31,80.24042073628851,,77.6536312849162,57.72994129158513,26.17801047120419,,,60.99476439790576,3.9651837524177944,71.87466443759662,30.379319540509254,55.276526478761674
1991-11-30,79.72972972972973,,74.93036211699165,57.71484375,25.326370757180154,,,71.54046997389034,4.054054054054054,70.79164519890712,33.64029826170818,55.93110642402755
1991-12-31,81.09527381845461,,64.72222222222223,57.69980506822612,25.520833333333332,,,78.90625,4.142581888246628,67.83910036963432,36.189888407193315,55.179415584657924
1992-01-31,87.40629685157421,,85.87257617728531,59.72762645914397,26.233766233766232,,,81.55844155844156,1.9230769230769231,77.66883316266784,36.57176157176157,61.230004526305336
1992-02-29,86.44194756554307,,81.21546961325967,59.70873786407766,25.129533678756477,,,80.82901554404145,2.015355086372361,75.7887183476268,35.991301436390096,59.869751583132114
1992-03-31,85.55389221556887,,86.22589531680441,59.68992248062015,20.41343669250646,,,83.20413436692506,2.10727969348659,77.15657000433114,35.24161691763937,60.39058876965443
1992-04-30,85.56469708302168,,87.63736263736264,58.80077369439072,18.298969072164947,,,85.82474226804123,0.19120458891013384,77.33427780492502,34.77163864303878,60.30922214017052
1992-05-31,86.7713004484305,,85.75342465753425,58.78378378378378,17.737789203084834,,,83.03341902313625,0.2862595419847328,77.10283629658285,33.68582258940194,59.736030813710485
1992-06-30,85.51157580283794,,78.96174863387978,58.76685934489403,15.64102564102564,,,82.05128205128204,0.38095238095238093,74.41339459387058,32.69108669108669,57.72447143275703
1992-07-31,86.49253731343283,,72.75204359673025,60.76923076923077,14.83375959079284,,,86.95652173913044,0.7604562737642585,73.33793722646462,34.18357920122918,57.676194016370445
1992-08-31,87.02460850111858,,70.65217391304347,60.74856046065259,16.071428571428573,,,84.6938775510204,0.8538899430740038,72.80844762493821,33.873065355174326,57.234294717032654
1992-09-30,86.81073025335321,,66.12466124661246,60.727969348659,18.575063613231553,,,82.95165394402036,0.946969696969697,71.22112028287489,34.1578957514072,56.39583047028782
1992-10-31,85.40580789277736,,72.70270270270271,65.00956022944551,18.02030456852792,,,86.04060913705584,0.1890359168241966,74.3726902749752,34.74998320746932,58.52360744797285
1992-11-30,87.5,,77.62803234501348,64.98091603053436,19.240506329113924,,,86.58227848101266,0.2830188679245283,76.70298279184928,35.36860122601704,60.16923016551638
1992-12-31,89.51672862453532,,73.9247311827957,64.95238095238095,17.67676767676768,,,87.12121212121212,0.3766478342749529,76.13128025323732,35.058209210751585,59.70205183624303
1993-01-31,88.7072808320951,,67.02412868632707,65.77946768060836,13.85390428211587,,,86.64987405541562,0.7518796992481203,73.83695906634351,33.75188601225987,57.80292984471005
1993-02-28,89.90348923533779,,60.160427807486634,65.74952561669829,11.306532663316583,,,84.92462311557789,0.8442776735459663,71.9378142198409,32.35847781748014,56.106079658896604
1993-03-31,90.43026706231454,,61.333333333333336,65.71969696969697,11.528822055137844,,,84.46115288220551,0.9363295880149813,72.49443245511495,32.30876817511945,56.420166743116745
1993-04-30,89.39955522609341,,60.37234042553192,64.83931947069944,11.5,,,84.75,3.2710280373831773,71.5370717074416,33.17367601246106,56.19171342944938
1993-05-31,89.62962962962962,,63.660477453580896,64.81132075471699,14.962593516209477,,,87.03241895261846,3.3582089552238807,72.70047594597582,35.11774047468394,57.66738175745907
1993-06-30,89.85936343449296,,57.142857142857146,64.7834274952919,17.91044776119403,,,86.81592039800995,3.445065176908752,70.595216024214,36.057144445370916,56.779987392676766
1993-07-31,89.79289940828401,,58.047493403693935,66.16541353383458,18.858560794044664,,,83.87096774193549,8.271375464684015,71.3352687819375,37.000301333554724,57.60128180258439
1993-08-31,90.2439024390244,,51.578947368421055,66.13508442776735,18.564356435643564,,,86.13861386138613,8.348794063079778,69.3193114117376,37.68392145336983,56.66515542839049
1993-09-30,91.06351550960117,,51.968503937007874,66.10486891385767,18.02469135802469,,,84.44444444444444,8.425925925925926,69.71229612015557,36.965020576131685,56.613385902546014
1993-10-31,91.43911439114392,,52.87958115183246,66.35514018691589,16.502463054187192,,,82.01970443349754,15.711645101663585,70.22461190996408,38.077937529782766,57.36594215789156
1993-11-30,91.1504424778761,,62.14099216710183,66.32462686567165,18.91891891891892,,,82.06388206388206,15.77490774907749,73.20535383688319,38.91923624395949,59.490906799713706
1993-12-31,91.67280766396463,,63.02083333333333,66.29422718808193,21.07843137254902,,,80.88235294117646,15.837937384898712,73.66262272845997,39.26624056620806,59.9040698635592
1994-01-31,92.26804123711341,,61.81818181818181,63.19702602230484,23.96088019559902,,,76.5281173594132,25.0,72.42774969253335,41.82966585167074,60.18851615618831
1994-02-28,91.90581309786607,,70.20725388601036,63.172541743970314,24.634146341463413,,,72.92682926829268,25.045871559633028,75.09520290928225,40.868949056463045,61.40470136815456
1994-03-31,89.92647058823529,,81.91214470284237,63.14814814814815,25.790754257907544,,,74.20924574209246,25.09157509157509,78.3289211464086,41.6971916971917,63.67622936672184
1994-04-30,87.28875826598089,,87.11340206185567,60.62846580406654,27.9126213592233,,,67.96116504854368,25.95978062157221,78.3435420439677,40.61118900977973,63.25060083029251
1994-05-31,87.66519823788546,,89.46015424164524,60.608856088560884,24.455205811138015,,,57.142857142857146,26.003649635036496,79.24473618936386,35.86723752967722,61.893736725489205
1994-06-30,87.74761555392516,,91.02564102564102,60.58931860036832,19.565217391304348,,,54.34782608695652,26.04735883424408,79.78752505997817,33.32013410416832,61.20056867765423
1994-07-31,87.17008797653959,,87.97953964194373,62.5,21.204819277108435,,,54.21686746987952,20.636363636363637,79.21654253949444,32.01935012778386,60.3376655748102
1994-08-31,89.01098901098901,,90.56122448979592,62.477064220183486,17.067307692307693,,,50.24038461538461,20.689655172413794,80.68309257365614,29.332449160035367,60.14283520820783
1994-09-30,89.23865300146413,,95.67430025445293,62.45421245421245,15.347721822541965,,,47.961630695443645,20.742753623188406,82.4557219033765,28.017368713724675,60.68038062751577
1994-10-31,87.92977322604243,,97.71573604060913,59.41499085923218,16.267942583732058,,,48.325358851674636,26.491862567811935,81.68683337529458,30.36172133440621,61.15678855893923
1994-11-30,87.35380116959064,,97.9746835443038,59.397810218978094,14.319809069212411,,,38.424821002386636,26.534296028880867,81.57543164429084,26.426308700159968,59.5157824666385
1994-12-31,86.12125639152666,,95.20202020202021,59.38069216757741,13.571428571428571,,,34.28571428571429,26.576576576576578,80.23465625370808,24.811239811239812,58.06528967672077
1995-01-31,87.2992700729927,,93.70277078085643,64.0,12.589073634204276,,,36.342042755344416,21.762589928057555,81.66734695128304,23.564568772535413,58.426235679783986
1995-02-28,89.7884755652808,,90.20100502512562,63.974591651542646,12.559241706161137,,,28.909952606635073,21.813285457809695,81.32135741398302,21.0941599235353,57.23047841780394
1995-03-31,91.25364431486881,,90.97744360902256,63.949275362318836,12.293144208037825,,,26.477541371158395,21.863799283154123,82.0601210954034,20.21149495411678,57.32067063888876
1995-04-30,93.00801165331391,,90.75,67.99276672694394,11.79245283018868,,,27.358490566037744,38.28264758497317,83.91692612675263,25.811196993733194,60.674634473544856
1995-05-31,94.97816593886463,,77.3067331670823,67.96028880866426,14.823529411764705,,,26.588235294117652,38.30357142857143,80.0817293048704,26.571778711484598,58.677749067516075
1995-06-30,96.58181818181818,,78.35820895522389,67.92792792792793,24.88262910798122,,,24.178403755868544,38.32442067736185,80.95598502165667,29.128484513737202,60.224984818488885
1995-07-31,97.96511627906976,,87.59305210918114,69.24460431654677,28.805620608899297,,,26.229508196721312,56.494661921708186,84.93425756826589,37.1765969091096,65.83119330460337
1995-08-31,97.67610748002905,,83.91089108910892,69.21005385996409,34.57943925233645,,,30.373831775700936,56.48312611012434,83.59901747636735,40.478799046053915,66.35093010424197
1995-09-30,98.62119013062409,,84.93827160493827,69.17562724014337,37.2960372960373,,,29.370629370629374,56.47163120567376,84.24502965856858,41.04609929078014,66.96545751145321
1995-10-31,98.54967367657723,,79.3103448275862,69.94633273703042,38.372093023255815,,,30.0,60.97345132743362,82.60211708039795,43.11518145022981,66.80734282833069
1995-11-30,98.84057971014492,,74.6928746928747,69.91071428571428,41.53132250580047,,,27.84222737819026,60.95406360424028,81.14805622957796,43.442537829410334,66.06584886951092
1995-12-31,98.98624185372918,,73.52941176470588,69.87522281639929,44.21296296296296,,,31.944444444444443,60.9347442680776,80.79695881161145,45.69738389182834,66.7571288436982
1996-01-31,98.91461649782923,,71.88264058679707,70.64056939501779,44.57274826789838,,,31.17782909930716,74.38380281690141,80.4792754932147,50.04479339470232,68.30548265380975
1996-02-29,99.2769342010123,,89.02439024390245,70.60390763765541,48.8479262672811,,,36.866359447004605,74.34094903339191,86.30174402752338,53.35174491589254,73.12174438287104
1996-03-31,99.13294797687861,,89.29440389294405,70.56737588652481,51.26436781609195,,,32.8735632183908,74.29824561403508,86.33157591878249,52.812058882839274,72.92376910440521
1996-04-30,99.06137184115524,,92.71844660194175,72.9203539823009,51.8348623853211,,,32.56880733944955,60.595446584938706,88.23339080846597,48.33303876990312,72.27324999304082
1996-05-31,99.13419913419914,,95.88377723970945,72.87985865724382,50.11441647597255,,,32.494279176201374,60.57692307692307,89.29927834371746,47.72853957636567,72.67098283677674
1996-06-30,99.20692141312185,,94.92753623188406,72.8395061728395,47.26027397260274,,,32.42009132420091,60.55846422338569,88.99132127261514,46.74627650672978,72.09330336626098
1996-07-31,98.55907780979827,,93.97590361445783,72.00704225352112,45.10250569476082,,,31.43507972665148,53.484320557491294,88.18067455925909,43.3406353263012,70.24465886607592
1996-08-31,98.84809215262779,,97.83653846153847,71.96836555360281,42.72727272727273,,,31.590909090909093,53.47826086956522,89.55099872258968,42.59881422924901,70.77012492525341
1996-09-30,98.99280575539568,,94.24460431654676,71.9298245614035,40.58956916099773,,,32.87981859410431,53.47222222222222,88.38907821111532,42.313869992441425,69.95899492364576
1996-10-31,99.28109273903667,,90.19138755980862,70.57793345008757,41.8552036199095,,,34.38914027149322,29.54939341421144,86.68347124964428,35.264579101871384,66.11591439053512
1996-11-30,99.42528735632183,,87.3508353221957,70.54195804195804,44.01805869074492,,,33.86004514672686,29.58477508650519,85.77269357349185,35.82095964132566,65.79200000062536
1996-12-31,99.56927494615937,,94.04761904761905,70.50610820244329,45.27027027027027,,,32.432432432432435,29.620034542314333,88.0410007320739,35.77424574833901,67.13429873857994
1997-01-31,99.71305595408894,,97.38717339667458,68.6411149825784,47.86516853932584,,,33.03370786516854,19.82758620689655,88.58044811111398,33.575487537130314,66.57846388152052
1997-02-28,99.78494623655914,,99.0521327014218,68.6086956521739,47.309417040358746,,,38.11659192825112,19.879518072289155,89.14859153005163,35.10184234696634,67.52989185681751
1997-03-31,99.64183381088824,,99.76359338061465,68.57638888888889,46.97986577181208,,,31.767337807606268,19.93127147766323,89.32727202679727,32.89282501902719,66.75349322368925
1997-04-30,99.06943450250537,,98.82075471698113,78.16291161178509,51.11607142857143,,,31.026785714285708,21.526586620926246,92.01770027709053,34.556481254594466,69.0332126680921
1997-05-31,99.78540772532189,,99.52941176470588,78.11418685121107,52.11581291759465,,,28.953229398663694,21.575342465753426,92.47633544707962,34.21479492733726,69.17171923918268
1997-06-30,99.85704074338814,,99.53051643192488,78.06563039723662,52.22222222222223,,,29.555555555555557,21.623931623931625,92.48439585751653,34.46723646723647,69.2775321014045
1997-07-31,100.0,,97.65807962529274,79.82758620689656,53.43680709534369,,,27.71618625277162,34.215017064846414,92.49522194406309,38.45600347098724,70.87953455483276
1997-08-31,99.92862241256245,,99.53271028037383,79.77624784853701,57.52212389380531,,,24.77876106194691,34.241908006814306,93.07919351382442,38.84759765418884,71.38655516997018
1997-09-30,99.92867332382312,,98.6013986013986,79.72508591065292,60.264900662251655,,,22.516556291390728,34.2687074829932,92.75171927862488,39.01672147887853,71.25772015872634
1997-10-31,100.0,,96.04651162790698,75.8147512864494,60.57268722466961,,,22.026431718061673,54.41426146010186,90.62042097145212,45.671126800944386,72.64070330324903
1997-11-30,99.64387464387464,,95.35962877030163,75.77054794520548,61.53846153846154,,,20.21978021978022,54.40677966101695,90.25801711979392,45.38834047308623,72.31014646111085
1997-12-31,100.0,,93.98148148148148,75.72649572649573,61.622807017543856,,,20.833333333333343,54.39932318104906,89.90265906932574,45.61848784397542,72.18899057918561
1998-01-31,99.85775248933145,,90.30023094688221,81.05802047781569,62.36323851203501,,,20.787746170678332,80.48986486486487,90.40533463800978,54.54694984919274,76.06198072248296
1998-02-28,100.0,,95.85253456221199,81.00511073253833,65.93886462882097,,,19.868995633187765,80.43844856661046,92.28588176491678,55.4154362762064,77.53770356943264
1998-03-31,100.0,,97.93103448275862,80.95238095238095,68.1917211328976,,,17.429193899782135,80.38720538720538,92.96113847837985,55.33604013996171,77.91109914301259
1998-04-30,100.0,,98.62385321100918,80.64516129032258,68.47826086956522,,,18.695652173913047,92.18487394957982,93.08967150044391,59.786262331019365,79.7683078326741
1998-05-31,99.9290780141844,,97.48283752860412,80.59322033898304,68.76355748373102,,,18.221258134490242,92.11409395973155,92.66837862725718,59.69963652598427,79.48088178674801
1998-06-30,99.85825655563431,,96.11872146118722,80.5414551607445,69.26406926406926,,,13.419913419913428,92.04355108877722,92.17281105918869,58.242511257586635,78.60069113854786
1998-07-31,100.0,,98.40546697038724,78.20945945945947,68.68250539956804,,,15.334773218142544,93.47826086956522,92.20497547661557,59.16517982909193,78.98905721760612
1998-08-31,99.64614295824487,,87.27272727272728,78.1618887015177,67.67241379310344,,,21.120689655172413,93.40567612687813,88.36025297749661,60.73292652505133,77.3093223965185
1998-09-30,99.5049504950495,,73.01587301587301,78.11447811447812,73.33333333333333,,,16.55913978494624,93.33333333333333,83.54510054180021,61.0752688172043,74.55716785196185
1998-10-31,99.5053003533569,,79.86425339366517,81.34453781512605,79.39914163090128,,,27.038626609442062,95.00831946755409,86.9046971873827,67.14869590263248,79.00229667348262
1998-11-30,99.92937853107344,,86.45598194130926,81.29194630872483,85.22483940042827,,,31.905781584582442,94.93355481727575,89.22576892703584,70.68805860076215,81.81068479652636
1998-12-31,100.0,100.0,86.48648648648648,81.23953098827471,86.53846153846155,,,38.24786324786324,94.85903814262024,91.9315043686903,73.215120976315,84.44495101174019
1999-01-31,100.0,100.0,89.66292134831461,82.44147157190636,86.35394456289978,,,39.87206823027718,95.52980132450331,93.02609823005525,73.91860470589343,85.38310082039052
1999-02-28,99.92952783650459,98.36065573770492,98.87892376681614,82.3873121869783,81.70212765957446,,,33.191489361702125,95.45454545454545,94.88910488200099,70.11605415860735,84.97988459264354
1999-03-31,100.0,99.1869918699187,99.32885906040268,82.33333333333334,72.61146496815286,,,30.148619957537164,95.37953795379538,95.21229606591368,66.04654095982846,83.5459940234796
1999-04-30,100.0,100.0,99.77678571428571,85.02495840266224,68.00847457627118,,,33.686440677966104,91.10378912685337,96.20043602923698,64.26623479369688,83.42675553502093
1999-05-31,99.929676511955,99.2,99.77728285077951,84.96677740863787,69.3446088794926,,,33.61522198731501,91.03618421052632,95.96843419284309,64.66533835911132,83.44719585935039
1999-06-30,99.85945186226283,100.0,99.77777777777777,84.90878938640132,70.67510548523207,,,36.70886075949367,90.9688013136289,96.13650475661048,66.11758918611821,84.12893852841357
1999-07-31,100.0,98.4251968503937,99.77827050997783,81.62251655629139,70.3157894736842,,,29.473684210526315,93.60655737704919,94.95649597916572,64.46534368708656,82.76003506233405
1999-08-31,99.71929824561403,95.3125,99.5575221238938,81.5702479338843,67.22689075630252,,,23.94957983193278,93.53518821603927,94.03989207584803,61.57055293475819,81.05215641941209
1999-09-30,99.57924263674614,93.7984496124031,99.33774834437087,81.51815181518151,60.79664570230609,,,27.253668763102723,93.4640522875817,93.5583981021754,60.5047889176635,80.33695442837063
1999-10-31,99.43938332165382,97.6923076923077,99.33920704845815,86.65568369028006,59.41422594142259,,,27.196652719665266,91.43556280587276,95.78164543817493,59.34881382232021,81.20851279183304
1999-11-30,99.92997198879551,99.23664122137404,99.78021978021978,86.5953947368421,54.90605427974948,,,23.799582463465555,91.36807817589576,96.38555693180786,56.69123830637026,80.50782948163283
1999-12-31,100.0,100.0,99.78070175438596,86.5353037766831,53.75,,,25.0,91.30081300813008,96.57900138276727,56.683604336043366,80.6208425640777
2000-01-31,99.86013986013987,99.24812030075188,99.78118161925602,89.67213114754098,52.390852390852395,,,24.324324324324323,90.74675324675324,97.14039323192219,55.82064332064332,80.61249326741064
2000-02-29,99.51083158630328,99.25373134328358,99.34497816593887,89.60720130932897,48.3402489626556,,,22.40663900414937,90.6807131280389,96.92918560121367,53.80920036494795,79.68119150670738
2000-03-31,99.72067039106145,100.0,98.91067538126362,89.54248366013073,48.24016563146998,,,23.602484472049696,90.61488673139159,97.04345735811395,54.15251227830375,79.88707932618988
2000-04-30,99.79064898813678,97.05882352941177,99.1304347826087,85.31810766721044,58.67768595041323,,,15.702479338842977,89.82229402261711,95.32450374184192,54.73415310395777,79.08836348668827
2000-05-31,99.23291492329149,94.16058394160584,98.91540130151844,85.26058631921825,50.51546391752577,,,12.989690721649481,89.75806451612904,94.3923716214085,51.08773971843476,77.07051886021901
2000-06-30,99.51219512195122,97.82608695652173,98.26839826839827,85.20325203252033,45.267489711934154,,,11.728395061728392,89.69404186795491,95.20248309484789,48.89664221387249,76.68014674245774
2000-07-31,99.44289693593315,94.24460431654677,98.48812095032397,82.46753246753246,43.94250513347023,,,12.114989733059545,81.18971061093248,93.66078866758409,45.74906849248742,74.49610059754542
2000-08-31,99.51287404314544,98.57142857142858,97.62931034482759,82.41491085899514,47.950819672131146,,,13.114754098360663,81.13964686998395,94.5321309545992,47.40174021349193,75.67997465815628
2000-09-30,98.95688456189151,94.32624113475178,97.84946236559139,82.36245954692556,50.10224948875256,,,12.678936605316977,81.08974358974359,93.37376190229007,47.95697656127104,75.20704776588246
2000-10-31,98.5406532314107,91.54929577464789,96.78111587982832,75.76736672051696,48.97959183673469,,,12.448979591836746,75.03999999999999,90.65960790160096,45.48952380952381,72.5915742647701
2000-11-30,98.40277777777777,81.11888111888112,95.93147751605996,75.7258064516129,47.25050916496945,,,13.645621181262726,75.0,87.79473571608293,45.29871011541073,70.79632547581404
2000-12-31,98.1263011797363,81.94444444444444,94.44444444444444,75.68438003220612,50.0,,,14.430894308943081,74.96012759170654,87.54989252520784,46.4636739668832,71.11540510187798
2001-01-31,97.98890429958391,84.82758620689656,95.5223880597015,66.72025723472669,51.724137931034484,,,24.340770791075045,40.28662420382166,86.26478395022716,38.78384430864373,67.27240809359378
2001-02-28,97.78239778239778,77.3972602739726,90.85106382978724,66.69341894060994,58.2995951417004,,,37.44939271255061,40.30206677265501,83.18103520669189,45.35035154230201,68.04876174093593
2001-03-31,96.95290858725761,72.10884353741497,85.56263269639066,66.66666666666666,63.63636363636363,,,38.98989898989898,40.317460317460316,80.32276287193247,47.64790764790765,67.25282078232254
2001-04-30,96.81660899653978,77.02702702702703,92.16101694915254,71.2,62.5,,,53.225806451612904,74.80190174326465,84.30116324317984,63.50923606495919,75.98439237189159
2001-05-31,97.57952973720609,77.85234899328859,94.08033826638479,71.1661341853035,61.97183098591549,,,58.5513078470825,74.7626582278481,85.16958779554575,65.09526568694871,77.13985895210693
2001-06-30,97.37387698686939,75.33333333333333,93.45991561181435,71.1323763955343,67.67068273092369,,,64.05622489959839,74.72353870458136,84.32487558188782,68.81681544503448,78.12165152714648
2001-07-31,96.68508287292818,73.50993377483444,86.94736842105263,60.828025477707,74.34869739478958,,,68.93787575150301,88.17034700315457,79.49260263663055,77.15230671648239,78.5564842685713
2001-08-31,96.54934437543133,68.42105263157895,82.14285714285714,60.810810810810814,75.2,,,70.0,88.11023622047244,76.98101624016955,77.77007874015747,77.29664124016472
2001-09-30,95.86206896551724,64.70588235294117,69.39203354297695,60.79365079365079,92.01596806387225,,,64.47105788423153,88.0503144654088,72.68840891377154,81.5124468045042,76.2180240700646
2001-10-31,96.0027567195038,66.23376623376623,65.06276150627616,72.42472266244057,91.43426294820716,,,82.86852589641434,92.93563579277865,74.93100178049669,89.07947487913339,80.59039101995137
2001-11-30,96.34986225895317,68.38709677419355,79.54070981210856,72.38924050632912,94.43339960238568,,,87.8727634194831,92.86833855799374,79.1667273378961,91.72483385995417,84.18996994671934
2001-12-31,96.35237439779766,69.87179487179486,87.08333333333333,72.35387045813586,95.23809523809523,,,90.07936507936508,92.80125195618153,81.41534326526543,92.70623742454728,85.93170092897817
2002-01-31,96.28610729023383,66.87898089171973,86.07068607068607,71.13564668769716,94.45544554455445,,,86.33663366336634,96.71875,80.0928552350842,92.5036097359736,85.05715703543996
2002-02-28,95.94501718213058,65.82278481012658,80.29045643153526,71.10236220472441,93.08300395256917,,,86.56126482213439,96.64586583463338,78.2901551571292,92.09671153644565,83.81277770885578
2002-03-31,96.29120879120879,69.18238993710692,92.7536231884058,71.0691823899371,87.77120315581854,,,87.37672583826429,96.57320872274143,82.32410107666466,90.57371257227476,85.6239456749087
2002-04-30,95.81331503088538,64.375,83.26446280991735,60.9105180533752,67.51968503937007,,,88.97637795275591,92.53499222395023,76.09082397354447,83.01035173869207,78.85863507960352
2002-05-31,95.47325102880659,63.975155279503106,80.61855670103093,60.89341692789969,78.7819253438114,,,89.9803536345776,92.46894409937887,75.24009498431008,87.07707435925596,79.97488673428843
2002-06-30,94.72241261137766,58.64197530864198,73.86831275720165,60.876369327073554,74.70588235294117,,,89.2156862745098,92.4031007751938,72.02726750107372,85.44155646754827,77.39298308766354
2002-07-31,92.67123287671232,52.760736196319016,55.030800821355236,49.84375,72.01565557729941,,,88.45401174168298,84.6749226006192,62.57662997359664,81.71486330653386,70.23192330677152
2002-08-31,92.81314168377823,53.04878048780488,49.385245901639344,49.84399375975039,70.1171875,,,90.4296875,84.62132921174653,61.27279045824321,81.72273473724884,69.45276816984546
2002-09-30,90.15047879616964,47.878787878787875,38.445807770961146,49.84423676012461,59.4541910331384,,,92.98245614035088,84.5679012345679,56.57982780151082,79.00151613601906,65.54850313531412
2002-10-31,88.79015721120984,50.0,40.204081632653065,55.2099533437014,62.2568093385214,,,90.6614785992218,86.13251155624036,58.55104804689108,79.68359983132785,67.00406876066579
2002-11-30,92.41803278688525,55.08982035928144,51.12016293279022,55.201863354037265,61.359223300970875,,,91.84466019417476,86.07692307692307,63.45746985824855,79.76026885735624,69.97858945789163
2002-12-31,91.80887372013652,49.404761904761905,42.6829268292683,55.19379844961241,56.58914728682171,,,92.63565891472868,86.02150537634408,59.77259022594478,78.41543719263149,67.22972901261946
2003-01-31,91.13233287858117,47.928994082840234,56.79513184584179,50.77399380804953,55.89941972920697,,,92.64990328820116,85.7361963190184,61.65761315382818,78.09517311214218,68.23263713715377
2003-02-28,85.8214042263122,47.05882352941176,42.71255060728745,50.772797527047906,52.509652509652504,,,92.27799227799228,85.68147013782543,56.59139397251483,76.82303830849007,64.68405170690492
2003-03-31,86.10354223433242,47.368421052631575,48.68686868686869,50.77160493827161,55.68400770712909,,,92.29287090558768,85.62691131498471,58.23260922802608,77.8679299759005,66.08673752717584
2003-04-30,90.33356024506467,52.90697674418605,55.24193548387097,60.24653312788906,65.57692307692308,,,90.96153846153847,94.27480916030534,64.6822514002527,83.60442356625562,72.25112026665386
2003-05-31,92.72108843537416,58.38150289017341,52.51509054325956,60.23076923076923,73.12859884836853,,,91.36276391554702,94.20731707317073,65.9621127748941,86.23289327902876,74.07042497654797
2003-06-30,93.8137321549966,59.195402298850574,58.634538152610446,60.215053763440864,75.09578544061303,,,90.42145593869732,94.1400304414003,67.96468159247462,86.55242394023689,75.39977853157953
2003-07-31,93.81793478260869,59.42857142857143,71.14228456913827,62.26993865030674,73.80497131931166,,,92.92543021032505,92.93313069908815,71.66468235765629,86.55451074290829,77.62061371175709
2003-08-31,93.55057705363204,61.36363636363637,65.4,62.25114854517611,74.80916030534351,,,91.79389312977099,92.8679817905918,70.64134049061113,86.49034507523544,76.98094232446084
2003-09-30,94.02985074626866,61.016949152542374,59.880239520958085,62.23241590214067,64.0,,,91.42857142857143,92.8030303030303,69.28986383047746,82.74386724386726,74.67146519583338
2003-10-31,94.37288135593221,62.92134831460674,60.95617529880478,64.27480916030535,59.125475285171106,,,92.58555133079848,82.75340393343419,70.63130353241226,78.15481018313459,73.6407061927012
2003-11-30,94.51219512195121,63.687150837988824,63.81709741550696,64.2530487804878,54.26944971537002,,,92.97912713472486,82.70392749244712,71.5673730389837,76.65083478084733,73.60075773572916
2003-12-31,94.7867298578199,66.66666666666666,66.26984126984127,64.23135464231355,49.053030303030305,,,92.99242424242425,82.65460030165912,72.98864810916034,74.90001828237122,73.75319617844468
2004-01-31,95.12855209742895,67.40331491712708,65.14851485148515,63.525835866261396,45.746691871455575,,,93.95085066162571,81.47590361445783,72.80155443307565,73.7244820491797,73.17072547951727
2004-02-29,95.06423258958756,68.13186813186813,59.090909090909086,63.50531107738998,48.490566037735846,,,93.9622641509434,81.42857142857143,71.44808022243869,74.62713387241689,72.71970168242997
2004-03-31,94.66216216216216,67.21311475409836,55.02958579881657,63.48484848484849,50.09416195856874,,,93.97363465160075,81.38138138138137,70.0974277999814,75.14972599718362,72.11834707886229
2004-04-30,94.66576637407157,63.58695652173913,71.25984251968504,61.87594553706506,45.67669172932331,,,94.73684210526316,55.24737631184408,72.8471277381402,65.22030338214351,69.79639799574153
2004-05-31,94.12955465587044,63.78378378378379,62.67190569744597,61.858006042296076,42.589118198874296,,,94.55909943714822,55.23952095808383,70.61081254484907,64.12924619803545,68.01818600612361
2004-06-30,94.33580579905598,66.66666666666666,68.03921568627452,61.840120663650076,34.831460674157306,,,94.9438202247191,55.231689088191324,72.7204522039118,61.66898999568925,68.29986732062278
2004-07-31,93.80053908355795,60.42780748663101,62.03522504892368,58.43373493975904,31.588785046728972,,,92.14953271028037,61.940298507462686,68.67432663971792,61.89287208815734,65.9617448190937
2004-08-31,93.26599326599326,60.63829787234043,55.46875,58.42105263157895,30.783582089552237,,,90.29850746268657,61.92250372578242,66.94852344247816,61.00153109267374,64.56972650255639
2004-09-30,93.67429340511441,62.96296296296296,57.1150097465887,58.408408408408405,39.47858472998138,,,88.45437616387338,61.904761904761905,68.04016863076862,63.27924093287222,66.13579755161007
2004-10-31,93.47679892400808,62.63157894736842,53.30739299610895,61.76911544227887,38.66171003717472,,,87.54646840148699,83.95245170876672,67.79622157744107,70.05354338247615,68.69915029945511
2004-11-30,94.48924731182797,67.5392670157068,58.44660194174757,61.75149700598802,37.84786641929499,,,87.01298701298701,83.9020771513353,70.5566533188176,69.58764352787243,70.16904940243953
2004-12-31,94.82874412357287,70.83333333333334,59.49612403100775,61.733931240657704,44.44444444444444,,,85.18518518518519,83.85185185185186,71.72303318214291,71.1604938271605,71.49801744014994
2005-01-31,94.42953020134229,65.28497409326425,57.4468085106383,59.70149253731343,48.613678373382626,,,85.02772643253235,81.80473372781066,69.21570133563957,71.81537951124189,70.25557260588049
2005-02-28,94.50033534540577,69.0721649484536,58.3011583011583,59.687034277198215,41.69741697416974,,,80.44280442804428,81.75775480059085,70.39017321805397,67.96599206760162,69.42050075787303
2005-03-31,94.0348525469169,64.61538461538461,59.53757225433526,59.672619047619044,35.543278084714544,,,79.92633517495396,81.71091445427729,69.46510711606395,65.72684257131526,67.96980129816447
2005-04-30,93.23509711989283,59.183673469387756,52.5,59.43536404160476,30.330882352941174,,,76.83823529411765,86.52430044182621,66.08853365772134,64.56447269629501,65.4789092731508
2005-05-31,93.44042838018741,65.48223350253807,53.550863723608444,59.42136498516321,27.339449541284406,,,74.12844036697248,86.47058823529412,67.97372264787428,62.64615938118367,65.84269734119803
2005-06-30,93.9799331103679,66.66666666666666,55.55555555555556,59.40740740740741,33.51648351648351,,,71.97802197802199,86.41703377386197,68.90239068499938,63.970513089455814,66.92963964678195
2005-07-31,93.98395721925134,70.35175879396985,62.90630975143404,59.171597633136095,30.712979890310788,,,69.28702010968921,90.5425219941349,71.60340584944784,63.514173998044974,68.36771310888669
2005-08-31,93.92117568470275,69.5,55.152671755725194,59.15805022156573,27.73722627737226,,,66.97080291970804,90.48316251830161,69.43297441549842,61.73039723846063,66.35194354468331
2005-09-30,93.39118825100134,69.65174129353234,57.714285714285715,59.14454277286135,21.67577413479053,,,66.3023679417122,90.42397660818715,69.97543950792019,59.46737289489662,65.77221286271076
2005-10-31,92.12808539026017,62.37623762376238,58.93536121673004,55.37555228276878,24.727272727272727,,,65.0909090909091,84.67153284671532,67.20380912838033,58.163238221632376,63.587580765681146
2005-11-30,93.60000000000001,70.44334975369459,67.74193548387098,55.367647058823536,29.219600725952816,,,61.705989110707804,84.62099125364432,71.78823307409728,58.515527030101644,66.47915065649903
2005-12-31,94.13724183877416,70.09803921568627,67.99242424242425,55.359765051395,29.71014492753623,,,57.789855072463766,84.57059679767104,71.89686758706992,57.35686559922368,66.08086679193143
2006-01-31,94.14114513981359,72.1951219512195,65.59546313799622,59.09090909090909,29.11392405063291,,,53.707052441229656,96.7296511627907,72.75565982998461,59.85020921821776,67.59347958527786
2006-02-28,93.812375249501,71.84466019417476,65.28301886792454,59.07759882869692,35.1985559566787,,,51.44404332129964,96.66182873730044,72.5044132850743,61.101476005092934,67.94323837308175
2006-03-31,93.88297872340425,73.91304347826086,75.70621468926554,59.06432748538012,37.65765765765766,,,51.17117117117117,96.59420289855073,75.6416410940777,61.80767724245985,70.10805555343056
2006-04-30,93.68770764119601,73.5576923076923,76.12781954887218,53.57664233576642,38.669064748201436,,,51.07913669064748,98.04630969609262,74.23746545838173,62.59817037831385,69.58174742635458
2006-05-31,92.62948207171314,67.46411483253588,76.54784240150093,53.57142857142857,34.29084380610413,,,50.269299820466784,97.97687861271676,72.55321696929462,60.84567407976257,67.8701998134818
2006-06-30,91.50630391506304,67.61904761904762,74.34456928838951,53.56622998544396,32.07885304659498,,,51.4336917562724,97.90764790764791,71.75903770198603,60.47339757017176,67.24478164926032
2006-07-31,91.37931034482759,63.98104265402843,70.2803738317757,53.34302325581395,35.241502683363144,,,48.658318425760285,98.9193083573487,69.74593752161141,60.939709822157376,66.2234464418298
2006-08-31,91.91517561298873,70.75471698113208,66.41791044776119,53.33817126269956,36.07142857142857,,,49.642857142857146,98.84892086330936,70.6064935761454,61.52106885919836,66.97232368936658
2006-09-30,92.51655629139073,73.23943661971832,70.76350093109869,53.333333333333336,52.406417112299465,,,49.01960784313726,98.77873563218391,72.46320679388526,66.73492019587354,70.17189215468058
2006-10-31,94.3745863666446,75.23364485981308,76.39405204460967,55.28219971056439,59.9644128113879,,,47.50889679715302,100.0,75.32112074540794,69.15776986951364,72.85578039505022
2006-11-30,94.70899470899471,78.13953488372093,72.91280148423006,55.27456647398844,58.081705150976916,,,43.51687388987566,99.92836676217765,75.25897438773353,67.17564860101008,72.02564407304415
2006-12-31,94.91077329808327,78.70370370370371,78.51851851851852,55.266955266955264,53.72340425531915,,,44.14893617021277,99.85693848354794,76.84998769681519,65.90975963635995,72.4738964726331
2007-01-31,94.84808454425362,79.26267281105991,78.18853974121996,56.77233429394812,57.876106194690266,,,47.78761061946902,96.57142857142857,77.26790784762039,67.41171512852928,73.32543075998394
2007-02-28,94.91749174917491,76.60550458715596,74.72324723247232,56.76258992805755,52.29681978798587,,,48.23321554770318,96.50499286733239,75.75220837421519,65.67834273434049,71.7226621182653
2007-03-31,93.40369393139841,78.08219178082192,71.6390423572744,56.75287356321839,51.67548500881834,,,44.620811287477956,96.43874643874643,74.96945040817828,64.24501424501425,70.67967594291267
2007-04-30,94.5286750164799,80.0,73.8970588235294,56.9583931133429,59.33098591549296,,,42.429577464788736,99.78662873399715,76.34603173833804,67.18239737142629,72.68057799157334
2007-05-31,94.92753623188406,82.80542986425338,81.10091743119266,56.94842406876791,59.22671353251317,,,40.070298769771526,99.7159090909091,78.9455768990245,66.33764046439792,73.90240232517387
2007-06-30,94.86504279131007,81.08108108108108,82.78388278388279,56.938483547925614,57.719298245614034,,,38.24561403508772,99.64539007092199,78.91712255104989,65.20343411720792,73.4316471775131
2007-07-31,94.86842105263158,76.23318385650224,78.9762340036563,55.00000000000001,59.719789842381786,,,39.229422066549915,100.0,76.26945972819753,66.3164039696439,72.28823742477609
2007-08-31,93.09664694280079,78.125,73.72262773722628,54.99286733238231,66.43356643356644,,,42.83216783216783,99.92927864214994,74.98428550310234,69.73167096929474,72.8832396895793
2007-09-30,94.02102496714849,80.88888888888889,74.13479052823315,54.98575498575499,59.33682373472949,,,46.247818499127405,99.85875706214689,76.00761484250637,68.48113309866794,72.997022144971
2007-10-31,94.74720945502298,82.7433628318584,73.0909090909091,51.778093883357045,45.64459930313589,,,50.87108013937282,99.5768688293371,75.58989381528689,65.36418275728194,71.4996093920849
2007-11-30,92.25721784776903,76.2114537444934,51.17967332123412,51.77556818181818,37.04347826086957,,,55.30434782608696,99.50704225352112,67.85597827382868,63.95162278015922,66.2942360763609
2007-12-31,92.72131147540983,74.56140350877193,54.710144927536234,51.77304964539007,37.67361111111111,,,60.59027777777778,99.43741209563994,68.44147738927703,65.90043366150961,67.42505989817006
2008-01-31,89.9737876802097,66.37554585152839,40.50632911392405,51.98300283286119,34.48873483535528,,,62.39168110918544,97.89325842696628,62.209666369630824,64.92455812383567,63.29562307131276
2008-02-29,89.19449901768172,56.95652173913044,35.018050541516246,51.98019801980198,45.15570934256055,,,74.74048442906575,97.82608695652173,58.28731732953259,72.57409357604934,64.00202782813929
2008-03-31,87.17277486910994,55.41125541125541,34.23423423423422,51.9774011299435,50.431778929188255,,,79.79274611398964,97.75910364145658,57.19891641113578,75.99454289487817,64.71716700463273
2008-04-30,89.01242642249836,65.51724137931035,41.54676258992806,50.916784203102964,47.06896551724138,,,84.48275862068965,77.76223776223776,61.748303648709935,69.7713206333896,64.9575104425818
2008-05-31,89.6732026143791,68.6695278969957,44.703770197486534,50.91549295774648,44.75043029259897,,,88.2960413080895,77.72346368715084,63.490498416651945,70.25664509594644,66.19695708836974
2008-06-30,86.74069235793598,50.427350427350426,37.81362007168458,50.91420534458509,34.707903780068726,,,88.31615120274914,77.68479776847977,56.47396705038903,66.9029509170992,60.6455605970731
2008-07-31,81.00522193211488,48.08510638297872,35.59928443649373,48.174157303370784,30.017152658662095,,,88.50771869639794,68.66295264623955,53.21594251373953,62.39594133376653,56.88794204175033
2008-08-31,82.97455968688845,50.847457627118644,37.857142857142854,48.17671809256662,25.51369863013699,,,88.18493150684931,68.63699582753824,54.96396956592915,60.778541988174844,57.289798534827426
2008-09-30,78.8787483702738,40.92827004219409,44.56327985739751,48.17927170868347,33.84615384615385,,,88.37606837606837,68.61111111111111,53.13739249463722,63.611111111111114,57.32687994122678
2008-10-31,54.85342019543974,31.932773109243694,38.43416370106761,41.67832167832168,57.84982935153583,,,92.4914675767918,14.909847434119278,41.724669671018184,55.08371478748231,47.06828771760384
2008-11-30,47.52604166666667,17.573221757322173,31.083481349911196,41.68994413407821,84.8381601362862,,,94.71890971039183,14.958448753462603,34.46817222699456,64.83850620004687,46.61630581621549
2008-12-31,48.601171112556926,20.833333333333336,29.432624113475185,41.701534170153415,98.9795918367347,,,94.38775510204081,15.006915629322268,35.14216568237972,69.45808752269926,48.86853441850754
2009-01-31,47.074122236671,8.29875518672199,28.141592920353986,40.66852367688023,99.830220713073,,,92.86926994906621,9.046961325966851,31.0457485051568,67.24881732936869,45.52697603484155
2009-02-28,40.48083170890188,2.479338842975207,27.73851590106007,40.68150208623088,97.79661016949153,,,92.03389830508475,9.10344827586207,27.845047134792008,66.31131891681278,43.23155584760032
2009-03-31,35.38961038961039,6.995884773662551,23.80952380952381,40.69444444444444,98.81556683587141,,,91.37055837563452,9.159779614325068,26.7223658543103,66.44863494194367,42.61287348936365
2009-04-30,45.87929915639195,22.540983606557376,27.99295774647888,49.65325936199723,97.46621621621621,,,92.9054054054054,13.342503438789546,36.51662496785636,67.90470835347038,49.071858322101974
2009-05-31,52.983138780804154,30.612244897959183,29.525483304042183,49.65373961218836,100.0,,,91.39966273187184,13.392857142857142,40.69365164874847,68.26417329157633,51.721860305879616
2009-06-30,55.54115359688918,30.89430894308943,30.350877192982466,49.654218533886585,100.0,,,89.8989898989899,13.443072702331962,41.610139566711915,67.78068753377396,52.07835875353673
2009-07-31,57.96632124352331,35.22267206477733,30.472854640980742,61.04972375690608,100.0,,,89.41176470588235,8.767123287671232,46.17789292654687,66.05962933118452,54.13058748840193
2009-08-31,69.12621359223301,38.306451612903224,32.69230769230769,61.03448275862069,98.3221476510067,,,89.76510067114094,8.823529411764707,50.28986391401615,65.63692591130412,56.42868871293133
2009-09-30,73.15653298835704,40.16064257028113,32.80977312390925,61.019283746556475,94.47236180904522,,,90.95477386934674,8.879781420765028,51.78655810727598,64.76897236638565,56.97952381091985
2009-10-31,75.24240465416936,37.6,32.57839721254355,66.57496561210453,83.4448160535117,,,95.65217391304348,7.094133697135062,52.99894186970436,62.06370788789675,56.62484827698131
2009-11-30,77.32558139534885,40.63745019920319,32.0,66.5521978021978,61.43572621035058,,,96.49415692821368,7.152588555858311,54.128807349187454,55.02749056480752,54.48828063543548
2009-12-31,78.69593285990962,43.25396825396825,34.548611111111114,66.52949245541838,29.166666666666668,,,97.16666666666667,7.210884353741497,55.757001170101844,44.51473922902495,51.26009639367109
2010-01-31,80.0,39.130434782608695,33.62218370883883,67.94520547945206,21.79700499168053,,,98.16971713810317,1.970108695652174,55.174455992724894,40.645610275145295,49.36291770569305
2010-02-28,77.36943907156673,42.51968503937008,33.910034602076124,67.92065663474692,25.41528239202658,,,98.00664451827242,2.03527815468114,55.42995383693997,41.819068354993384,49.98559964416134
2010-03-31,81.63659793814433,48.23529411764706,36.61485319516407,67.89617486338798,20.23217247097844,,,98.34162520729684,2.100271002710027,58.59573002858586,40.224689560328436,51.24731384128289
2010-04-30,84.67482292337411,49.609375,35.689655172413794,55.38881309686221,22.8476821192053,,,96.8543046357616,0.13531799729364005,56.340666548162524,39.94576825075351,49.78270722919891
2010-05-31,79.40797940797941,40.46692607003891,33.56282271944923,55.381471389645775,23.305785123966942,,,96.85950413223141,0.20270270270270271,52.20479989677833,40.12266398630035,47.371945532587134
2010-06-30,76.0128617363344,35.65891472868217,31.61512027491409,55.374149659863946,29.207920792079207,,,96.20462046204621,0.2699055330634278,49.66526159994865,41.89414892906294,46.556816531594365
2010-07-31,75.51413881748073,40.15444015444015,31.389365351629507,62.90760869565217,28.171334431630974,,,95.55189456342669,0.13477088948787064,52.49138825480064,41.28599996151518,48.00923293748646
2010-08-31,76.17212588310855,36.15384615384615,30.47945205479452,62.890094979647216,36.348684210526315,,,94.73684210526316,0.2018842530282638,51.42387976784911,43.762470189605914,48.35931593655183
2010-09-30,78.7548138639281,45.21072796934866,30.256410256410263,62.87262872628726,40.39408866995074,,,93.92446633825944,0.2688172043010753,54.27364520399357,44.86245740417042,50.50917008406431
2010-10-31,82.61706221937139,47.70992366412214,30.034129692832764,79.70230040595399,42.950819672131146,,,92.1311475409836,0.1342281879194631,60.015853995570076,45.07206513367807,54.03833845081327
2010-11-30,84.23076923076923,47.90874524714829,32.367972742759804,79.66216216216216,42.716857610474634,,,92.47135842880523,0.20107238605898123,61.04241234570987,45.12976280844628,54.67735253080444
2010-12-31,86.67520819987188,54.54545454545454,35.20408163265306,79.6221322537112,43.95424836601307,,,91.66666666666667,0.2677376171352075,64.01171915792267,45.29621754993831,56.52551851472893
2011-01-31,87.90012804097312,57.73584905660377,36.6723259762309,80.59299191374663,48.12398042414356,,,92.49592169657423,0.53475935828877,65.72532374688859,47.05155382633552,58.255815778667355
2011-02-28,89.25143953934742,62.03007518796993,36.94915254237288,80.55181695827726,45.27687296416938,,,93.48534201954398,0.6008010680907877,67.19562105699187,46.454338683934715,58.899108107769
2011-03-31,87.59590792838875,62.546816479400746,35.53299492385787,80.51075268817203,47.96747967479675,,,93.4959349593496,0.6666666666666667,66.54661800495485,47.37669376693767,58.87864830974797
2011-04-30,88.17891373801918,66.4179104477612,33.78378378378379,79.86577181208054,46.75324675324675,,,95.61688311688312,1.3315579227696404,67.06159494541117,47.90056259763316,59.39718200629997
2011-05-31,87.86717752234993,62.0817843866171,34.2327150084317,79.82573726541555,44.40842787682334,,,96.75850891410049,1.3962765957446808,66.00185354570357,47.52107112888951,58.60954057897794
2011-06-30,85.00319081046585,57.407407407407405,32.65993265993265,79.78580990629183,50.48543689320388,,,97.0873786407767,1.4608233731739706,63.714085196024435,49.67787963571819,58.09960297190194
2011-07-31,86.73469387755102,53.50553505535055,30.756302521008408,73.52941176470588,63.97415185783522,,,98.38449111470113,2.122015915119363,61.13148580465397,54.82688629588524,58.60964600114647
2011-08-31,76.60930528999363,46.69117647058824,27.013422818791938,73.49799732977303,74.35483870967742,,,98.70967741935483,2.185430463576159,55.95297547728671,58.416648864202806,56.93844483205314
2011-09-30,74.45859872611464,38.095238095238095,26.63316582914574,73.46666666666667,72.30273752012883,,,98.71175523349436,2.2486772486772484,53.163417329291285,57.75439000076681,54.9998063978815
2011-10-31,76.89369828134946,49.63503649635037,26.923076923076934,79.22769640479362,72.82958199356914,,,98.2315112540193,2.509907529722589,58.1698770263926,57.85700025910367,58.04472631947703
2011-11-30,77.60814249363868,48.0,26.878130217028385,79.18882978723404,78.81219903691814,,,98.5553772070626,2.5725593667546174,57.91877562447527,59.98004520357845,58.743283456116544
2011-12-31,78.32167832167832,49.63768115942029,26.5,79.15006640106242,84.61538461538461,,,98.71794871794872,2.635046113306983,58.402356470540255,61.98945981554676,59.837197808542854
2012-01-31,81.32147395171538,51.26353790613718,25.956738768718807,81.29973474801061,89.44,,,98.72,2.8947368421052633,59.96037134364549,63.68491228070175,61.450187718468
2012-02-29,83.80952380952381,58.27338129496403,27.408637873754145,81.25827814569536,89.1373801916933,,,98.56230031948881,2.956636005256242,62.68745528098434,63.55210550547945,63.03331537078239
2012-03-31,84.58121827411168,64.87455197132617,28.524046434494196,81.21693121693121,89.31419457735247,,,98.40510366826156,3.0183727034120733,64.79918697421581,63.57922364967536,64.31120164439963
2012-04-30,83.57641090678504,60.357142857142854,26.986754966887418,80.9775429326288,89.96815286624204,,,98.08917197452229,3.2765399737876804,62.974462915861025,63.777954938184,63.29585972479021
2012-05-31,79.84790874524715,50.5338078291815,24.462809917355372,80.93667546174143,90.62003179650239,,,96.97933227344993,3.337696335078534,58.94530048838136,63.64568680167695,60.825455013699596
2012-06-30,78.34072197593413,55.319148936170215,24.422442244224413,80.89591567852437,90.15873015873017,,,96.66666666666667,3.3986928104575163,59.74455720871328,63.408029878618116,61.20994627667522
2012-07-31,80.18987341772153,55.47703180212014,23.88797364085667,82.23684210526315,79.87321711568937,,,96.35499207606973,4.046997389033943,60.447930241490376,60.09173552693102,60.30545235566663
2012-08-31,82.16318785578748,58.45070422535211,24.506578947368425,82.19448094612353,64.24050632911393,,,95.09493670886076,4.106910039113429,61.82873799365788,54.48078435902937,58.88955653980648
2012-09-30,83.81795195954489,65.6140350877193,24.466338259441713,82.1522309711286,66.9826224328594,,,95.57661927330173,4.166666666666666,64.01263906945863,55.575302790942594,60.63770455805222
2012-10-31,82.69109286165508,58.39160839160839,24.26229508196721,81.12712975098296,67.50788643533123,,,97.3186119873817,5.591677503250976,61.61803152155341,56.80605864198796,59.69324236972723
2012-11-30,79.60858585858585,59.93031358885017,23.56792144026187,81.08638743455498,71.18110236220473,,,96.37795275590551,5.649350649350649,61.04830208056322,57.736135255820294,59.72343535066605
2012-12-31,81.32492113564669,62.5,24.67320261437908,81.04575163398692,81.28930817610063,,,95.12578616352201,5.706874189364462,62.38596884600317,60.7073228429957,61.71451044480018
2013-01-31,84.23707440100883,73.35640138408304,26.101141924959208,86.68407310704961,73.78335949764521,,,94.03453689167975,6.347150259067358,67.59467270427518,58.05501554946411,63.77880984235075
2013-02-28,84.81411468178955,74.82758620689656,26.0586319218241,86.63624511082139,67.55485893416929,,,93.57366771159874,6.403622250970247,68.0841444803329,55.84404963224609,63.18810654109818
2013-03-31,86.14609571788414,78.00687285223368,26.504065040650403,86.58854166666666,72.76995305164318,,,92.64475743348983,6.459948320413436,69.31139381935873,57.29155293518215,64.5034574656881
2013-04-30,86.8470736312146,80.13698630136986,26.785714285714292,86.73602080624188,73.59375,,,91.09375,10.580645161290322,70.12644875613515,58.42271505376345,65.44495527518646
2013-05-31,89.05660377358491,83.27645051194538,31.11831442463533,86.68831168831169,69.42277691107644,,,91.88767550702028,10.631443298969073,72.53492009961933,57.31396523902192,66.44653815538037
2013-06-30,87.49214330609679,81.63265306122449,34.62783171521036,86.64072632944229,65.88785046728972,,,92.83489096573209,10.682110682110682,72.59833860299348,56.4682840383775,66.14631677714709
2013-07-31,89.38442211055276,85.08474576271186,34.41033925686591,84.84455958549223,62.98600311041991,,,93.31259720062208,12.853470437017995,73.43101667890569,56.38402358268666,66.61221944041807
2013-08-31,88.88888888888889,82.43243243243244,35.96774193548387,84.79948253557568,64.90683229813664,,,94.09937888198758,12.901155327342748,73.02213644809521,57.30245550248898,66.73426406985271
2013-09-30,89.0840652446675,86.19528619528619,34.943639291465374,84.75452196382429,66.35658914728683,,,93.7984496124031,12.94871794871795,73.74437817381084,57.701252236135964,67.32712779874089
2013-10-31,90.09404388714734,88.25503355704699,35.20900321543408,87.61290322580645,72.75541795665634,,,92.26006191950464,15.108834827144687,75.29274597135871,60.04143823443522,69.19222287658931
2013-11-30,90.72681704260651,88.96321070234113,38.20224719101124,87.56443298969072,63.98763523956723,36.666666666666664,,93.50850077279753,15.153452685421994,76.3641769814124,52.32906384111335,66.75013172529277
2013-12-31,91.04571070757672,90.0,40.38461538461539,87.51608751608751,58.79629629629629,38.84297520661157,,94.1358024691358,15.197956577266922,77.2366034020699,51.743257637327645,67.039265096173
2014-01-31,91.05131414267835,88.37209302325581,38.080000000000005,88.4318766066838,60.40061633281972,40.16393442622951,,92.29583975346688,20.79081632653061,76.4838209431545,53.41280170976168,67.25541324979737
2014-02-28,90.55659787367104,90.72847682119205,36.421725239616606,88.38254172015404,67.07692307692308,60.97560975609756,,91.38461538461539,20.82802547770701,76.52233541365844,60.06629342383576,69.93991861772938
2014-03-31,91.25,90.75907590759076,38.91547049441786,88.33333333333333,60.98310291858679,65.32258064516128,,91.85867895545314,20.865139949109416,77.31446993383548,59.757375617077656,70.29163220713235
2014-04-30,90.81823860087445,88.48684210526315,37.101910828025474,88.0921895006402,59.96932515337423,62.4,,94.32515337423312,18.424396442185515,76.12479525870081,58.779718742448225,69.18676465219977
2014-05-31,91.19850187265918,90.49180327868852,35.294117647058826,88.04347826086956,60.18376722817764,69.84126984126983,,95.25267993874425,18.464467005076145,76.25697526481902,60.93554600331697,70.1284035602182
2014-06-30,91.95258889582034,92.15686274509804,35.87301587301587,87.9948914431673,60.550458715596335,65.35433070866141,,93.88379204892966,18.50443599493029,76.99433973927539,59.57325436702942,70.02590559037701
2014-07-31,92.70573566084788,88.92508143322475,36.45007923930269,87.75510204081633,62.29007633587786,53.125,,94.9618320610687,14.556962025316455,76.4589995935479,56.233467605565764,68.36878679835505
2014-08-31,92.02492211838006,92.20779220779221,35.75949367088607,87.70700636942675,60.97560975609756,47.286821705426355,,93.14024390243902,14.601769911504425,76.92480359162127,54.00111131886684,67.7553266825195
2014-09-30,92.83935242839352,90.29126213592234,40.28436018957346,87.65903307888041,59.817351598173516,32.30769230769231,,93.75951293759513,14.646464646464647,77.76850195819245,50.1327553724814,66.71420332390802
2014-10-31,91.28811449906658,91.29032258064517,37.53943217665615,90.08894536213468,57.598784194528875,25.954198473282442,,91.33738601823708,16.39344262295082,77.55170365462564,47.82095282724981,65.6594033236753
2014-11-30,94.15422885572139,93.2475884244373,39.68503937007875,90.03807106598984,61.76024279210925,23.484848484848484,,89.98482549317147,16.435768261964736,79.28123192905682,47.91642125802348,66.73530766064349
2014-12-31,94.34431323803605,92.94871794871796,41.19496855345912,89.9873257287706,68.03030303030303,23.308270676691727,,88.78787878787878,16.47798742138365,79.61883136724593,49.1511099790643,67.43174281197328
2015-01-31,93.97515527950311,89.1373801916933,35.00784929356358,88.9873417721519,80.18154311649016,21.641791044776117,,87.44326777609682,11.99748743718593,76.77693163422796,50.31602234363725,66.19256791799168
2015-02-28,94.59962756052141,93.63057324840764,37.774294670846395,88.93805309734513,83.83685800604229,14.074074074074074,,88.06646525679758,12.045169385194479,78.73563714428015,49.505641680527106,67.04363895877893
2015-03-31,94.23076923076923,93.01587301587301,36.93270735524257,88.88888888888889,77.37556561085974,14.705882352941178,,88.08446455505279,12.092731829573934,78.26705962269342,48.064661087106906,66.18610020845881
2015-04-30,94.29634221946684,91.45569620253164,35.78125,86.38083228247163,76.50602409638554,18.97810218978102,,88.10240963855422,18.335419274092615,76.97853017611752,50.48048879970335,66.37931362555184
2015-05-31,94.2998760842627,93.05993690851734,39.781591263650554,86.33501259445843,69.92481203007519,18.115942028985508,,87.36842105263158,18.375,78.36910421272226,48.446043777923066,66.39988003880258
2015-06-30,93.74613003095975,90.56603773584906,41.12149532710281,86.28930817610063,67.26726726726727,28.05755395683453,,87.23723723723724,18.414481897627965,77.93074281750306,50.24413508974175,66.85609972639854
2015-07-31,93.31683168316832,90.9090909090909,40.74650077760498,84.17085427135679,65.81709145427287,27.857142857142858,,86.05697151424287,30.049875311720697,77.28581941030525,52.44527028434483,67.34959975992109
2015-08-31,91.89857761286333,84.375,41.149068322981364,84.12797992471769,67.21556886227546,36.87943262411347,,86.52694610778443,30.074719800747197,75.3876564651406,55.17416684873014,67.30226061857641
2015-09-30,89.49320148331273,82.55451713395638,39.224806201550386,84.08521303258145,70.4035874439462,50.70422535211267,,86.6965620328849,30.09950248756219,73.83943446285024,59.475969329126485,68.09404840936074
2015-10-31,91.22915379864114,88.19875776397515,41.48606811145511,86.4831038798498,67.76119402985074,50.349650349650354,,85.97014925373134,23.229813664596275,76.8492708884803,56.82770182445717,68.84064326287105
2015-11-30,93.08641975308643,88.23529411764706,42.96754250386399,86.4375,68.70342771982116,49.30555555555556,,86.14008941877795,23.26302729528536,77.68168909364937,56.85302499736,69.35022345513363
2015-12-31,92.53547193090684,85.49382716049382,43.981481481481474,86.3920099875156,65.32738095238095,55.172413793103445,,84.375,23.296158612143742,77.10069764009944,57.04273833940704,69.07751391982248
2016-01-31,89.08754623921085,80.0,35.901386748844374,89.15211970074813,62.852897473997025,62.328767123287676,,85.88410104011888,42.26485148514851,73.53526317220084,63.332654280638025,69.45421961557571
2016-02-29,88.909426987061,79.4478527607362,33.38461538461537,89.10336239103363,63.50148367952523,76.19047619047619,,86.49851632047478,42.27441285537701,72.71131438086154,67.1162222614633,70.47327753310225
2016-03-31,91.00985221674877,84.09785932721712,34.254992319508446,89.05472636815921,67.85185185185185,79.05405405405406,,86.81481481481481,42.28395061728395,74.60435755790839,69.00116783450116,72.3630816685455
2016-04-30,92.49230769230769,83.84146341463415,34.66257668711657,88.81987577639751,68.63905325443787,80.53691275167785,,87.72189349112426,42.293464858199755,74.95405589261398,69.79783108885994,72.89156597111236
2016-05-31,91.82041820418205,86.01823708206688,36.60030627871363,88.77171215880894,71.93500738552437,78.0,,88.33087149187593,42.30295566502463,75.80266843094287,70.14220863560624,73.53848451280822
2016-06-30,92.19422249539029,86.36363636363636,34.25076452599389,88.72366790582404,72.71386430678466,81.45695364238411,,88.05309734513274,42.31242312423124,75.38307282271114,71.13408460463319,73.68347753547997
2016-07-31,94.16461916461917,90.33232628398792,34.35114503816794,85.89108910891089,77.02503681885126,88.1578947368421,,88.36524300441826,52.45700245700245,76.18479489892148,76.50129425427852,76.3113946410643
2016-08-31,94.65930018416206,90.36144578313254,36.4329268292683,85.84672435105068,78.23529411764706,84.9673202614379,,90.1470588235294,52.45398773006135,76.8250992869034,76.45091523316893,76.6754256654096
2016-09-30,94.23312883435582,90.69069069069069,34.70319634703196,85.80246913580247,70.48458149779736,87.66233766233766,,89.5741556534508,52.450980392156865,76.35737125197024,75.04301380143568,75.83162827175641
2016-10-31,93.8074800735745,84.73053892215569,35.56231003039514,84.83353884093712,70.08797653958945,81.93548387096774,,91.64222873900293,47.123623011015916,74.7334669667656,72.69732804014401,73.91901139611697
2016-11-30,94.54656862745098,91.04477611940298,42.4886191198786,84.79064039408867,69.1068814055637,74.35897435897436,,90.33674963396778,47.127139364303176,78.2176510652053,70.23243619070224,75.02356511540408
2016-12-31,95.8971218616044,93.75,45.45454545454546,84.74784747847478,61.40350877192983,70.06369426751591,,88.30409356725147,47.13064713064713,79.96237869865617,66.72548593433608,74.66762159292813
2017-01-31,95.89963280293757,94.06528189910979,44.024205748865356,88.94348894348894,54.598540145985396,74.0506329113924,,87.88321167883211,38.90243902439025,80.73315234860041,63.85870594015004,73.98337378522027
2017-02-28,96.1467889908257,96.44970414201184,44.41087613293051,88.8957055214724,50.29154518950437,69.18238993710692,,87.46355685131195,38.915956151035324,81.4757686968101,61.46336203223964,73.47080603098192
2017-03-31,96.33251833740832,96.46017699115043,46.90799396681749,88.84803921568627,55.31295487627366,70.0,,81.95050946142649,38.929440389294406,82.13718212776563,61.54822618174864,73.90159974935884
2017-04-30,96.15149664019548,96.47058823529412,45.48192771084337,84.21052631578947,55.66860465116279,62.732919254658384,,80.52325581395348,37.66707168894289,80.5786347255306,59.14796285217938,72.00636597619012
2017-05-31,96.3980463980464,96.7741935483871,46.616541353383454,84.16870415647921,56.60377358490566,72.22222222222221,,79.24528301886792,37.682038834951456,80.98937136407403,61.43832941523681,73.16895458453914
2017-06-30,96.40024405125077,97.07602339181285,50.9009009009009,84.12698412698413,56.231884057971016,58.282208588957054,,78.1159420289855,37.696969696969695,82.12603811773715,57.58175109322082,72.3083233079306
2017-07-31,96.58536585365853,97.37609329446065,49.475262368815585,84.26829268292683,55.571635311143275,57.92682926829268,,75.83212735166425,26.815980629539954,81.9262535499654,54.036643140160045,70.77040938604326
2017-08-31,96.46556977452772,97.09302325581395,47.30538922155688,84.22655298416565,50.433526011560694,58.18181818181818,,75.14450867052022,26.844014510278114,81.27263380901606,52.650966843544296,69.82396702282735
2017-09-30,96.58952496954933,98.84057971014492,50.37369207772795,84.18491484184915,46.897546897546896,45.78313253012048,,75.03607503607503,26.871980676328505,82.49717789981784,48.64718378501773,68.9571802538978
2017-10-31,96.7741935483871,98.84393063583815,51.64179104477612,85.78371810449575,46.97406340057637,48.50299401197605,,76.36887608069165,51.145958986731,83.26090833337427,55.74797311999377,72.25573424802207
2017-11-30,96.83698296836984,99.13544668587896,53.949329359165425,85.74029126213593,42.73381294964029,70.23809523809523,,76.2589928057554,51.14457831325301,83.91551256888754,60.09386982668599,74.38685547200691
2017-12-31,96.96048632218846,99.42528735632183,52.67857142857143,85.69696969696969,43.53448275862069,72.7810650887574,,75.0,51.143200962695545,83.69032870101286,60.61468720251841,74.46007210161508
2018-01-31,97.6913730255164,100.0,57.35512630014859,84.7457627118644,38.737446197991396,68.82352941176471,,74.03156384505021,26.802884615384613,84.94806550938235,52.09885601754773,71.8083817126485
2018-02-28,96.84274438372799,98.57142857142858,58.01186943620178,84.7037484885127,34.52722063037249,68.42105263157895,,74.21203438395415,26.830732292917165,84.53244771996776,50.99775998470569,71.11857262586292
2018-03-31,96.78398058252428,97.72079772079772,56.592592592592595,84.66183574879227,33.76251788268956,56.395348837209305,,76.5379113018598,26.85851318944844,83.93980166117672,48.388572802801775,69.71931011782674
2018-04-30,96.42207398423287,97.44318181818183,56.65680473372781,88.7816646562123,30.571428571428573,43.35260115606936,,73.42857142857143,26.88622754491018,84.8259312980887,43.55970717524489,68.31944164895117
2018-05-31,96.54545454545455,98.01699716713881,56.8685376661743,88.73493975903615,27.5320970042796,33.90804597701149,,75.03566333808845,26.913875598086122,85.04148228445095,40.84742047936642,67.36385756241714
2018-06-30,96.72925499697153,98.30508474576271,57.07964601769911,88.68832731648617,30.05698005698006,28.000000000000004,,72.64957264957265,26.941457586618878,85.20057826922988,39.412002573292895,66.88514799085509
2018-07-31,96.79176755447942,99.43661971830986,59.20471281296024,92.0673076923077,26.884779516358464,21.59090909090909,,72.54623044096729,21.420047732696897,86.8751019445143,35.61049169523294,66.36925784480175
2018-08-31,97.03569267997581,100.0,58.82352941176471,92.01680672268907,29.40340909090909,18.07909604519774,,71.875,21.454112038140643,86.96900720360739,35.202904293561865,66.26256603958917
2018-09-30,97.21886336154776,99.71988795518207,61.967694566813506,91.96642685851319,30.638297872340424,16.292134831460675,,72.05673758865248,21.48809523809524,87.71821818551413,35.118816382637206,66.67845746436336
2018-10-31,96.07250755287009,96.08938547486034,62.75659824046921,81.31736526946108,24.78753541076487,14.52513966480447,,67.13881019830028,16.884661117717002,84.05896413441518,30.834036597896656,62.76899311980777
2018-11-30,95.65217391304348,96.65738161559888,59.5900439238653,81.27990430622009,26.732673267326735,8.88888888888889,,69.73125884016973,16.92399049881235,83.29487593968193,30.569202873799426,62.20460671332893
2018-12-31,94.56849728424864,88.05555555555556,54.239766081871345,81.24253285543608,33.89830508474576,10.497237569060774,,68.92655367231637,16.9632265717675,79.5265879442779,32.5713307244726,60.744485056355785
2019-01-31,94.63208685162847,94.45983379501385,50.07299270072993,90.69212410501193,42.31311706629055,4.395604395604396,,64.31593794076164,23.045023696682463,82.46425936309605,33.51742077483476,62.88552392779154
2019-02-28,95.29837251356238,96.68508287292818,53.20699708454811,90.64362336114422,41.83098591549296,1.639344262295082,,63.943661971830984,23.076923076923077,83.95851895804572,32.62272880663552,63.424202897481635
2019-03-31,95.3012048192771,98.07162534435263,48.03493449781659,90.5952380952381,37.27144866385373,1.0869565217391304,,62.0253164556962,23.10874704491726,83.0007506891711,30.873117171551584,62.14969728212329
2019-04-30,95.54485249849488,98.9010989010989,49.56395348837209,87.15814506539834,37.07865168539326,2.7027027027027026,,62.21910112359551,20.12987012987013,82.79201248834106,30.5325814103904,61.88824005716079
2019-05-31,94.88567990373045,93.42465753424658,44.70246734397678,87.11401425178147,43.19775596072931,4.301075268817205,,61.29032258064516,20.16509433962264,80.03170475843382,32.238562037453576,60.914447670041724
2019-06-30,94.88875526157547,98.63387978142076,43.04347826086956,87.06998813760379,47.47899159663865,9.62566844919786,,63.30532212885154,20.200235571260304,80.9090253603674,35.15255443648709,62.60643699081527
2019-07-31,95.3125,98.36512261580381,43.56005788712012,86.84834123222748,49.09090909090909,4.25531914893617,,62.79720279720279,25.529411764705884,81.02150543378785,35.418210700438486,62.780187540448104
2019-08-31,94.41441441441441,96.19565217391305,35.83815028901735,86.80473372781064,52.932960893854755,7.4074074074074066,,66.34078212290503,25.558166862514685,78.31323765128886,38.05982932167047,62.211874319441506
2019-09-30,94.77791116446579,97.8319783197832,40.115440115440116,86.7612293144208,57.182705718270576,9.473684210526317,,65.96931659693166,25.586854460093893,79.87163972852747,39.55314024645561,63.74423993569873
2019-10-31,94.42111577684463,98.1081081081081,39.3371757925072,91.49940968122786,63.091922005571035,23.036649214659686,,69.63788300835654,20.164126611957798,80.84145233967195,43.98264521013627,66.09792948785767
2019-11-30,95.26378896882494,100.0,42.014388489208635,91.4504716981132,65.64673157162726,20.833333333333336,,71.90542420027816,20.19906323185012,82.1821622890367,44.646138084272216,67.16775260713091
2019-12-31,95.86578789694428,100.0,42.241379310344826,91.40164899882215,59.44444444444444,20.207253886010363,,72.36111111111111,20.23391812865497,82.37720405152781,43.06168189255523,66.65099518793878
2020-01-31,96.16766467065868,100.0,38.593974175035875,76.0,57.9750346740638,18.556701030927837,,72.67683772538142,74.76635514018692,77.69040971142363,55.99373214264,69.01173868391018
2020-02-29,95.9904248952723,95.72192513368985,36.38968481375359,75.96944770857814,60.24930747922438,26.153846153846157,,73.40720221606648,74.73745624270713,76.01787063782348,58.63695302296104,69.0655035918785
2020-03-31,87.20095693779905,79.46666666666667,28.469241773962807,75.93896713615024,94.74412171507606,71.93877551020408,,82.57261410788382,74.70862470862471,67.7689581286447,80.99103401044718,73.05778848136569
2020-04-30,89.89838613269575,99.46808510638297,27.85714285714286,92.96600234466588,100.0,93.90862944162437,,83.42541436464089,100.0,77.54740411022186,94.33351095156632,84.26184684675965
2020-05-31,92.89127837514934,100.0,28.81597717546363,92.91569086651053,100.0,93.93939393939394,,83.44827586206897,99.94186046511628,78.65573660428088,94.3323825666448,84.92639498922644
2020-06-30,94.38805970149254,100.0,29.2022792022792,92.8654970760234,100.0,95.97989949748744,,82.78236914600551,99.88385598141696,79.11395899494879,94.66153115622748,85.33298785946027
2020-07-31,95.04773269689738,99.47229551451187,27.311522048364154,93.69158878504673,100.0,98.0,,86.79504814305365,100.0,78.88078476120504,96.19876203576341,85.80797567102839
2020-08-31,96.36255217650567,100.0,27.982954545454547,93.64060676779464,99.58791208791209,98.50746268656717,,90.1098901098901,99.94206257242179,79.49652837243872,97.03683186419778,86.51264976914234
2020-09-30,96.00715137067938,99.73753280839895,28.794326241134755,93.58974358974359,100.0,98.51485148514851,,92.4554183813443,99.88425925925925,79.53218850248916,97.71363228143801,86.8047660140687
2020-10-31,96.42644431209052,98.69109947643979,30.31161473087819,98.9522700814901,100.0,98.0295566502463,,90.95890410958904,100.0,81.09535715022466,97.24711518995883,87.55606036611833
2020-11-30,97.32142857142857,100.0,30.55162659123056,98.89534883720931,100.0,98.52941176470588,,91.24487004103968,99.94226327944573,81.69210099996711,97.42913627129782,87.9869151084994
2020-12-31,97.85841760856633,100.0,30.225988700564983,98.83855981416957,100.0,98.53658536585365,,93.0327868852459,99.88465974625143,81.73074153082521,97.86350799933774,88.18384811823023
2021-01-31,97.91914387633769,99.74025974025975,31.170662905500706,99.65197215777262,100.0,98.54368932038835,,96.45293315143248,99.13594470046083,82.12050966996769,98.53314179307041,88.68556251920879
2021-02-28,97.97979797979798,99.74093264248705,36.76056338028169,99.59443800695249,100.0,98.55072463768117,,96.86648501362397,99.07940161104717,83.51893300237981,98.62415281558808,89.56102092766312
2021-03-31,97.92161520190024,100.0,38.53727144866386,99.53703703703704,98.63945578231292,91.82692307692307,,99.04761904761905,99.02298850574712,83.99898092190028,97.13424660315053,89.2530871944004
2021-04-30,98.16023738872404,100.0,38.48314606741573,100.0,98.36956521739131,88.51674641148325,,99.32065217391305,29.908151549942595,84.16084586403494,79.02877883818256,82.108019053694
2021-05-31,98.10201660735468,100.0,36.1851332398317,99.94226327944573,94.43690637720489,85.71428571428571,,99.32157394843962,29.931192660550458,83.55735328165804,77.35098967512016,81.07480783904288
2021-06-30,98.1031416716064,100.0,35.0140056022409,99.88465974625143,88.75338753387534,75.35545023696683,,99.32249322493224,29.95418098510882,83.25045175502468,73.34637799522082,79.28882225110314
2021-07-31,98.45971563981043,99.74424552429667,32.02797202797203,98.61751152073732,88.63328822733423,71.69811320754717,,99.3234100135318,7.665903890160183,82.21236117820412,66.83017883464333,76.05948824077981
2021-08-31,98.5198342214328,100.0,34.357541899441344,98.56156501726122,91.21621621621621,69.01408450704226,,99.45945945945945,7.7142857142857135,82.85973528453384,66.85101147425091,76.45624576042067
2021-09-30,98.46153846153847,98.72773536895674,38.214783821478385,98.50574712643679,89.3387314439946,66.35514018691589,,99.46018893387314,7.76255707762557,83.4774511946026,65.7291544106023,76.37813248100248
2021-10-31,98.16676522767594,99.74619289340102,34.40111420612814,98.96670493685419,82.47978436657682,57.20930232558139,,99.73045822102426,2.1664766248574687,82.82019431601482,60.396505384509986,73.8507187434129
2021-11-30,98.58156028368793,98.9873417721519,34.21418636995827,98.91055045871559,67.6985195154778,48.61111111111111,,99.86541049798116,2.2209567198177673,82.67340972112842,54.59899946109695,71.44364561711583
2021-12-31,98.46426461901949,99.74747474747475,34.44444444444444,98.85452462772051,66.39784946236558,41.935483870967744,,99.86559139784946,2.2753128555176336,82.8776771096648,52.6185593966751,70.77403002446891
2022-01-31,97.87485242030696,97.48110831234257,40.915395284327325,97.25400457665904,56.644295302013425,43.11926605504588,,99.86577181208054,1.4772727272727273,83.38134014840898,50.27665147410314,70.13946467868664
2022-02-28,97.40412979351032,96.73366834170855,34.903047091412745,97.2,42.35924932975871,43.83561643835616,,99.86595174262735,1.532349602724177,81.5602113066579,46.8982917783666,67.69544349534138
2022-03-31,97.11084905660378,97.4937343358396,39.83402489626556,97.14611872146118,25.83668005354752,38.63636363636363,,99.73226238286479,1.5873015873015872,82.89618175254253,41.44815191501939,66.31696981753328
2022-04-30,96.87684148497348,95.5,49.033149171270715,88.71151653363741,17.780748663101605,19.457013574660635,,99.33155080213903,2.491506228765572,82.5303767974704,34.765204817166705,63.42430800534892
2022-05-31,94.75853945818609,95.26184538653366,47.03448275862069,88.66742596810934,7.476635514018691,17.117117117117118,,99.06542056074767,2.5452488687782804,81.43057339286244,31.55110551516544,61.47878624178364
2022-06-30,93.17245438493231,92.28855721393035,51.92837465564738,88.62343572241184,5.066666666666666,8.520179372197308,,98.53333333333333,2.598870056497175,81.50320549423047,28.67976235717362,60.37382823940773
2022-07-31,93.05882352941175,94.54094292803971,41.67812929848693,84.31818181818181,4.394141145139813,1.3392857142857142,,97.47003994673769,2.652370203160271,78.39901939353005,26.463959252330874,57.62499533705038
2022-08-31,94.76778365667255,93.31683168316832,56.86813186813187,84.27922814982975,2.925531914893617,0.4444444444444444,,97.20744680851064,2.705749718151071,82.30799383945062,25.820793221499944,59.713113592270346
2022-09-30,92.42068155111633,86.91358024691358,70.37037037037038,84.24036281179139,1.7264276228419653,0.4424778761061947,,97.21115537848605,2.759009009009009,83.48624874504792,25.534767471610806,60.30565623567308
2022-10-31,90.8984145625367,91.62561576354679,65.6164383561644,85.73046432616081,0.9283819628647214,0.4405286343612335,,96.684350132626,2.4746906636670416,83.46773325210218,25.131987848379747,60.133435090613204
2022-11-30,92.54694835680752,93.61179361179362,63.47469220246238,85.69004524886877,0.5298013245033113,1.3157894736842104,,90.33112582781457,2.528089887640449,83.83086985498308,23.676201628410634,59.7690025643541
2022-12-31,92.49266862170089,90.68627450980392,68.85245901639344,85.64971751412429,0.26455026455026454,1.3100436681222707,,78.83597883597884,2.581369248035915,84.42027991550563,20.747985504171822,58.9513621509721
2023-01-31,92.4970691676436,92.66503667481662,62.346521145975444,90.18058690744921,0.13210039630118892,2.1739130434782608,,76.48612945838838,1.7937219730941705,84.42230347397121,20.146466217815497,58.711968571508926
2023-02-28,92.97012302284709,91.95121951219512,68.39237057220708,90.13528748590755,0.13192612137203166,0.4329004329004329,,72.29551451187335,1.8477043673012319,85.8622501482892,18.677011358361764,58.98815463231823
2023-03-31,91.92037470725995,92.45742092457421,59.04761904761905,90.09009009009009,0.13175230566534915,3.0172413793103448,,70.09222661396575,1.901565995525727,83.37887619238582,18.785696573616793,57.54160434487821
2023-04-30,92.80280866003511,92.23300970873787,62.77173913043478,91.56355455568054,0.13157894736842105,3.862660944206009,,68.28947368421052,1.452513966480447,84.84277801372208,18.43405688556635,58.27928956245979
2023-05-31,92.7485380116959,93.94673123486683,67.02849389416554,91.51685393258427,0.39421813403416556,2.564102564102564,,63.337713534822605,1.5066964285714286,86.31015426832813,16.95068266538269,58.566365627149956
2023-06-30,94.15546464056106,95.65217391304348,73.98373983739837,91.47025813692481,1.1811023622047243,1.702127659574468,,59.84251968503937,1.560758082497213,88.81540913198194,16.071626947328944,59.71789625812074
2023-07-31,94.91822429906543,95.90361445783132,77.13125845737483,90.5829596412556,1.0484927916120577,4.23728813559322,,57.536041939711666,1.7817371937639197,89.63401421388178,16.150890015170216,60.24076453439716
2023-08-31,94.57092819614711,95.1923076923077,82.02702702702703,90.53751399776036,0.7853403141361256,4.641350210970464,,50.654450261780106,1.8353726362625138,90.58194422831055,14.479128355787301,60.140817879301245
2023-09-30,94.74912485414235,93.5251798561151,87.17948717948718,90.49217002237137,1.1764705882352942,4.621848739495799,,48.75816993464053,1.8888888888888888,91.486490478029,14.111344537815127,60.53643210194345
2023-10-31,94.72303206997084,90.9090909090909,87.12938005390836,96.31284916201118,2.088772845953003,4.602510460251046,,45.300261096605745,2.6082130965593784,92.26858804874533,13.649939374842294,60.82112857918411
2023-11-30,94.6969696969697,94.98806682577565,87.07940780619111,96.26116071428571,2.737940026075619,5.0,,42.3728813559322,2.6607538802660753,93.25640126080555,13.192893815568475,61.230998282710715
2023-12-31,94.6709376820035,95.95238095238095,87.02956989247312,96.20958751393533,3.3854166666666665,6.224066390041494,,40.885416666666664,2.7131782945736433,93.46561901019822,13.302019504487118,61.40017920791378
2024-01-31,94.64493597206054,95.72446555819477,86.97986577181209,99.66592427616926,4.421326397919375,0.8264462809917356,,41.0923276983095,4.424778761061947,94.25379789455916,12.691219784570638,61.62876665056375
2024-02-29,,97.1563981042654,,99.6106785317019,4.935064935064935,2.4691358024691357,,40.519480519480524,4.475138121546961,98.38353831798365,13.099704844640389,64.27000492864634
2024-03-31,,97.87234042553192,,99.55555555555556,7.392996108949417,0.4098360655737705,,40.985732814526585,4.525386313465784,98.71394799054374,13.32848782562889,64.5597639245778
2024-04-30,,95.75471698113208,,100.0,10.103626943005182,0.40816326530612246,,39.76683937823834,5.071664829106946,97.87735849056604,13.837573603914146,64.26144453590528
2024-05-31,,97.41176470588235,,99.94456762749445,10.73738680465718,1.2195121951219512,,38.03363518758085,5.121145374449339,98.6781661666884,13.777919890452331,64.71806765619397
2024-06-30,,97.88732394366197,,99.88925802879291,13.824289405684754,2.0242914979757085,,37.726098191214476,5.17051705170517,98.88829098622745,14.686299036645027,65.20749420639447
2024-07-31,,98.59484777517564,,100.0,14.580645161290324,3.225806451612903,,38.58064516129033,6.7032967032967035,99.29742388758783,15.772598369372563,65.88749368030172
2024-08-31,,99.06542056074767,,99.94475138121547,19.201030927835053,9.63855421686747,,39.046391752577314,6.750823271130625,99.50508597098157,18.65920004210262,67.16673159943
2024-09-30,,99.76689976689977,,99.8896247240618,22.393822393822393,10.8,,40.411840411840416,6.798245614035088,99.82826224548079,20.10097710492447,67.93734818925826
2024-10-31,,98.83720930232558,,100.0,23.65038560411311,9.9601593625498,,46.40102827763496,5.859802847754655,99.41860465116278,21.46784402301313,68.23830039990293
2024-11-30,,100.0,,99.94493392070484,25.930680359435172,5.555555555555555,,49.29396662387676,5.908096280087528,99.97246696035242,21.672074704738755,68.65231005810695
2024-12-31,,99.76851851851852,,99.8899889988999,25.256410256410255,1.5810276679841897,,51.666666666666664,5.956284153005464,99.8292537587092,21.115097186016644,68.34359112963217
2025-01-31,,99.76905311778292,,99.34065934065934,24.199743918053777,3.937007874015748,,50.960307298335465,6.495633187772926,99.55485622922113,21.39817306954448,68.29218296535046
2025-02-28,,99.53917050691244,,99.28649835345774,24.808184143222505,7.450980392156863,,52.68542199488491,6.543075245365322,99.41283443018509,22.871915443907398,68.79646683567401
2025-03-31,,95.86206896551724,,99.23245614035088,28.991060025542787,11.71875,,49.04214559386973,6.590413943355119,97.54726255293406,24.085592390691907,68.1625944880372
2025-04-30,,95.18348623853211,,100.0,34.94897959183674,20.233463035019454,,47.95918367346938,7.290533188248095,97.59174311926606,27.60803987214342,69.598261820417
2025-05-31,,98.39816933638444,,99.945295404814,33.88535031847134,17.829457364341085,,51.0828025477707,7.336956521739131,99.17173237059922,27.53364168808056,70.51649609759176
2025-06-30,,99.77168949771689,,99.89071038251366,33.460559796437664,25.482625482625483,,51.145038167938935,7.38327904451683,99.83119994011528,29.367875622879726,71.64587021322106
2025-07-31,,99.77220956719817,,100.0,35.83227445997459,13.461538461538462,,52.35069885641677,7.917570498915401,99.88610478359908,27.390520569211304,70.88787109784397
2025-08-31,,100.0,,99.94547437295529,32.233502538071065,13.409961685823754,,52.79187817258883,7.963163596966413,99.97273718647764,26.599626498362515,70.6234929112316
2025-09-30,,100.0,,99.89106753812636,31.305449936628644,12.213740458015266,,52.85171102661597,8.008658008658008,99.94553376906319,26.094889857479473,70.4052762044297
2025-10-31,,100.0,,99.67355821545158,31.329113924050635,15.209125475285171,,53.54430379746836,13.405405405405405,99.83677910772579,28.371987150552393,71.25086232485643
2025-11-30,,100.0,,99.6195652173913,30.214917825537295,17.045454545454543,,55.878634639696585,13.444924406047514,99.80978260869566,29.145982854183988,71.54426270689099
2025-12-31,,99.54954954954955,,99.5656894679696,33.33333333333333,25.660377358490567,,60.60606060606061,13.484358144552319,99.55761950875959,33.271032360609205,73.04298464949943
2026-01-31,,99.7752808988764,,98.69848156182212,36.44388398486759,31.203007518796994,,62.547288776796975,13.523706896551724,99.23688123034927,35.929471794253324,73.91391745591089
2026-02-28,,99.10313901345292,,98.64572047670639,40.931989924433246,26.591760299625467,,61.9647355163728,13.562970936490851,98.87442974507965,35.76286416923059,73.62980351474002
2026-03-31,,98.43400447427292,,98.59307359307358,29.81132075471698,17.16417910447761,,64.0251572327044,,98.51353903367325,37.000219030633,73.90821103245716
2026-04-30,,100.0,,100.0,26.00502512562814,14.12639405204461,,65.32663316582915,,100.0,35.15268411450064,74.06107364580026
2026-05-31,,100.0,,99.94600431965442,31.74404015056462,13.703703703703704,,68.00501882057716,,99.97300215982722,37.81758755828183,75.11083631920906
2026-06-30,,99.77777777777777,,99.89212513484358,37.84461152882205,10.70110701107011,,66.04010025062657,,99.83495145631068,38.19527293017291,75.17908004585557
2026-07-31,,99.55654101995566,,99.83836206896551,40.67584480600751,13.970588235294118,,66.08260325406758,,99.69745154446059,40.243012098456404,75.91567576605891
2026-08-31,,100.0,,99.78471474703983,40.6875,12.087912087912088,,66.0625,,99.89235737351991,39.612637362637365,75.7804693691669
2026-09-30,100.0,99.77924944812362,98.65951742627345,,40.69912609238452,14.5985401459854,,66.04244694132335,,99.47958895813235,40.44670439323109,75.86643513217184
